{"file": "1. First Win.wav", "drum_tempo": 151.99908088235293, "drum_beats": [25.658049886621317, 26.05278911564626, 26.447528344671202, 26.865487528344673, 27.260226757369615, 27.654965986394558, 28.0497052154195, 28.46766439909297, 28.862403628117914, 29.257142857142856, 29.6518820861678, 30.046621315192745, 30.441360544217687, 30.83609977324263, 31.2540589569161, 31.648798185941043, 32.04353741496599, 32.43827664399093, 32.8562358276644, 33.25097505668934, 33.645714285714284, 34.04045351473923, 34.4584126984127, 34.853151927437644, 35.247891156462586, 35.64263038548753, 36.060589569160996, 36.45532879818594, 36.85006802721088, 37.268027210884355, 37.6627664399093, 38.05750566893424, 38.45224489795918, 38.846984126984125, 39.24172335600907, 39.65968253968254, 40.054421768707485, 40.44916099773243, 40.84390022675737, 41.26185941043084, 41.65659863945578, 42.05133786848072, 42.44607709750567, 42.840816326530614, 43.25877551020408, 43.653514739229024, 44.04825396825397, 44.44299319727891, 44.860952380952384, 45.255691609977326, 45.65043083900227, 46.068390022675736, 46.46312925170068, 46.85786848072562, 47.25260770975056, 47.64734693877551, 48.06530612244898, 48.46004535147392, 48.854784580498865, 49.24952380952381, 49.66748299319728, 50.062222222222225, 50.45696145124717, 50.85170068027211, 51.24643990929705, 51.641179138321995, 52.05913832199546, 52.453877551020405, 52.848616780045354, 53.2433560090703, 53.63809523809524, 54.03283446712018, 54.45079365079365, 54.84553287981859, 55.240272108843534, 55.65823129251701, 56.05297052154195, 56.447709750566894, 56.86566893424036, 57.2604081632653, 57.655147392290246, 58.049886621315196, 58.44462585034014, 58.83936507936508, 59.23410430839002, 59.65206349206349, 60.04680272108843, 60.441541950113375, 60.836281179138325, 61.23102040816327, 61.648979591836735, 62.04371882086168, 62.43845804988662, 62.85641723356009, 63.25115646258504, 63.64589569160998, 64.06385487528345, 64.45859410430839, 64.85333333333334, 65.24807256235827, 65.64281179138322, 66.03755102040816, 66.45551020408163, 66.85024943310657, 67.24498866213152, 67.63972789115647, 68.05768707482993, 68.45242630385488, 68.84716553287981, 69.24190476190476, 69.65986394557824, 70.05460317460317, 70.44934240362812, 70.84408163265306, 71.26204081632653, 71.65678004535147, 72.05151927437642, 72.44625850340137, 72.8409977324263, 73.23573696145125, 73.65369614512471, 74.04843537414966, 74.4431746031746, 74.83791383219955, 75.2326530612245, 75.62739229024943, 76.02213151927438, 76.44009070294784, 76.85804988662132, 77.25278911564625, 77.67074829931973, 78.06548752834468, 78.46022675736961, 78.85496598639456, 79.2497052154195, 79.66766439909297, 80.06240362811792, 80.45714285714286, 80.8518820861678, 81.24662131519274, 81.64136054421769, 82.03609977324263, 82.4540589569161, 82.84879818594105, 83.26675736961451, 83.66149659863946, 84.0562358276644, 84.45097505668934, 84.86893424036282, 85.26367346938775, 85.6584126984127, 86.05315192743764, 86.44789115646259, 86.84263038548752, 87.260589569161, 87.65532879818593, 88.07328798185941, 88.46802721088436, 88.8627664399093, 89.25750566893424, 89.65224489795918, 90.04698412698413, 90.44172335600906, 90.85968253968254, 91.25442176870749, 91.64916099773242, 92.0671201814059, 92.46185941043083, 92.85659863945578, 93.25133786848073, 93.64607709750567, 94.04081632653062, 94.45877551020408, 94.85351473922903, 95.2714739229025, 95.66621315192744, 96.06095238095239, 96.45569160997732, 96.85043083900227, 97.2451700680272, 97.66312925170068, 98.05786848072562, 98.45260770975057, 98.84734693877552, 99.26530612244898, 99.66004535147393, 100.05478458049886, 100.44952380952381, 100.86748299319729, 101.26222222222222, 101.65696145124717, 102.0517006802721, 102.44643990929706, 102.84117913832199, 103.25913832199547, 103.65387755102041, 104.04861678004535, 104.4433560090703, 104.83809523809524, 105.23283446712018, 105.65079365079364, 106.0455328798186, 106.44027210884354, 106.858231292517, 107.25297052154195, 107.64770975056689, 108.06566893424036, 108.4604081632653, 108.85514739229025, 109.2498866213152, 109.64462585034013, 110.03936507936508, 110.43410430839002, 110.8520634920635, 111.24680272108843, 111.64154195011338, 112.03628117913833, 112.43102040816326, 112.84897959183674, 113.24371882086167, 113.63845804988662, 114.0564172335601, 114.45115646258503, 114.84589569160998, 115.26385487528344, 115.65859410430839, 116.05333333333333, 116.44807256235828, 116.84281179138323, 117.23755102040816, 117.65551020408164, 118.05024943310657, 118.44498866213152, 118.83972789115646, 119.25768707482993, 119.65242630385488, 120.04716553287982, 120.44190476190477, 120.85986394557823, 121.25460317460318, 121.64934240362811, 122.04408163265306, 122.46204081632654, 122.85678004535147, 123.25151927437642, 123.64625850340136, 124.0409977324263, 124.43573696145124, 124.85369614512472, 125.24843537414966, 125.6431746031746, 126.06113378684807, 126.45587301587301, 126.85061224489796, 127.24535147392291, 127.64009070294784, 128.05804988662132, 128.45278911564625, 128.8475283446712, 129.26548752834466, 129.66022675736963, 130.05496598639456, 130.4497052154195, 130.86766439909297, 131.2624036281179, 131.65714285714284, 132.0518820861678, 132.44662131519274, 132.84136054421768, 133.23609977324264, 133.6540589569161, 134.04879818594105, 134.443537414966, 134.83827664399092, 135.2562358276644, 135.65097505668933, 136.0457142857143, 136.44045351473923, 136.8584126984127, 137.27637188208618, 137.64789115646258, 138.04263038548754, 138.460589569161, 138.85532879818595, 139.2500680272109, 139.64480725623582, 140.0627664399093, 140.45750566893423, 140.8522448979592, 141.24698412698413, 141.64172335600907, 142.05968253968254, 142.45442176870748, 142.84916099773244, 143.24390022675738, 143.6386394557823, 144.05659863945579, 144.45133786848072, 144.84607709750566, 145.24081632653062, 145.6587755102041, 146.05351473922903, 146.4714739229025, 146.86621315192744, 147.26095238095238, 147.6556916099773, 148.05043083900227, 148.4451700680272, 148.86312925170068, 149.25786848072562, 149.65260770975055, 150.04734693877552, 150.465306122449, 150.86004535147393, 151.25478458049886, 151.6495238095238, 152.06748299319727, 152.4622222222222, 152.85696145124717], "other_tempo": 151.99908088235293,