{"file": "10. Tidal Rave.wav", "drum_tempo": 123.046875, "drum_beats": [0.06965986394557823, 0.5340589569160997, 0.9984580498866213, 1.486077097505669, 1.9504761904761905, 2.4380952380952383, 2.9024943310657596, 3.3901133786848074, 3.8545124716553287, 4.342131519274377, 4.806530612244898, 5.270929705215419, 5.758548752834467, 6.246167800453515, 6.710566893424036, 7.198185941043084, 7.662585034013605, 8.150204081632653, 8.6378231292517, 9.102222222222222, 9.58984126984127, 10.054240362811791, 10.541859410430838, 11.00625850340136, 11.493877551020407, 11.981496598639456, 12.445895691609977, 12.933514739229025, 13.397913832199546, 13.885532879818594, 14.349931972789115, 14.837551020408164, 15.301950113378684, 15.766349206349206, 16.23074829931973, 16.69514739229025, 17.182766439909297, 17.647165532879818, 18.134784580498867, 18.599183673469387, 19.086802721088436, 19.551201814058956, 20.038820861678005, 20.503219954648525, 20.990839002267574, 21.478458049886623, 21.942857142857143, 22.430476190476192, 22.894875283446712, 23.38249433106576, 23.870113378684806, 24.33451247165533, 24.79891156462585, 25.26331065759637, 25.75092970521542, 26.23854875283447, 26.70294784580499, 27.190566893424037, 27.654965986394558, 28.11936507936508, 28.606984126984127, 29.094603174603176, 29.559002267573696, 30.046621315192745, 30.511020408163265, 30.998639455782314, 31.463038548752834, 31.950657596371883, 32.41505668934241, 32.90267573696145, 33.36707482993197, 33.8314739229025, 34.319092970521545, 34.78349206349206, 35.27111111111111, 35.75873015873016, 36.24634920634921, 36.710748299319725, 37.17514739229025, 37.63954648526077, 38.12716553287982, 38.61478458049886, 39.07918367346939, 39.566802721088436, 40.054421768707485, 40.518820861678, 40.983219954648526, 41.44761904761905, 41.95845804988662, 42.42285714285714, 42.887256235827664, 43.37487528344671, 43.86249433106576, 44.35011337868481, 44.81451247165533, 45.302131519274376, 45.7665306122449, 46.23092970521542, 46.718548752834465, 47.18294784580499, 47.67056689342404, 48.134965986394555, 48.6225850340136, 49.08698412698413, 49.574603174603176, 50.03900226757369, 50.52662131519274, 50.991020408163266, 51.478639455782314, 51.96625850340136, 52.43065759637188, 52.895056689342404, 53.38267573696145, 53.8702947845805, 54.33469387755102, 54.82231292517007, 55.28671201814059, 55.77433106575964, 56.23873015873016, 56.726349206349205, 57.19074829931973, 57.67836734693878, 58.16598639455783, 58.63038548752834, 59.11800453514739, 59.582403628117916, 60.070022675736965, 60.53442176870748, 61.02204081632653, 61.46321995464853, 61.92761904761905, 62.415238095238095, 62.87963718820862, 63.36725623582767, 63.831655328798185, 64.31927437641724, 64.80689342403628, 65.2712925170068, 65.75891156462585, 66.22331065759637, 66.71092970521542, 67.17532879818594, 67.662947845805, 68.12734693877552, 68.61496598639455, 69.07936507936508, 69.56698412698412, 70.03138321995465, 70.5190022675737, 71.00662131519275, 71.47102040816327, 71.9354195011338, 72.42303854875283, 72.88743764172335, 73.3750566893424, 73.83945578231292, 74.32707482993197, 74.81469387755102, 75.27909297052155, 75.7667120181406, 76.2311111111111, 76.69551020408163, 77.18312925170068, 77.6475283446712, 78.13514739229025, 78.59954648526077, 79.08716553287982, 79.55156462585035, 80.03918367346938, 80.5035827664399, 80.99120181405895, 81.478820861678, 81.94321995464853, 82.43083900226758, 82.8952380952381, 83.35963718820862, 83.84725623582766, 84.31165532879818, 84.79927437641723, 85.28689342403628, 85.7512925170068, 86.23891156462585, 86.70331065759638, 87.1677097505669, 87.65532879818593, 88.14294784580498, 88.6073469387755, 89.09496598639456, 89.5825850340136, 90.07020408163265, 90.53460317460318, 90.9990022675737, 91.48662131519275, 91.95102040816326, 92.43863945578231, 92.90303854875283, 93.39065759637188, 93.8550566893424, 94.34267573696145, 94.80707482993198, 95.29469387755103, 95.75909297052154, 96.24671201814058, 96.71111111111111, 97.19873015873016, 97.66312925170068, 98.15074829931973, 98.61514739229025, 99.1027664399093, 99.59038548752835, 100.05478458049886, 100.51918367346939, 101.00680272108843, 101.49442176870748, 101.958820861678, 102.44643990929706, 102.91083900226758, 103.39845804988663, 103.88607709750566, 104.35047619047619, 104.83809523809524, 105.30249433106576, 105.76689342403628, 106.25451247165533, 106.71891156462586, 107.18331065759637, 107.67092970521541, 108.13532879818594, 108.59972789115646, 109.08734693877551, 109.57496598639456, 110.03936507936508, 110.50376417233561, 110.99138321995464, 111.47900226757369, 111.94340136054421, 112.40780045351474, 112.89541950113379, 113.38303854875284, 113.84743764172336, 114.31183673469388, 114.79945578231292, 115.28707482993197, 115.75147392290249, 116.21587301587302, 116.70349206349206, 117.19111111111111, 117.65551020408164, 118.14312925170069, 118.6075283446712, 119.09514739229024, 119.55954648526077, 120.04716553287982, 120.51156462585034, 120.99918367346939, 121.46358276643991, 121.95120181405896, 122.41560090702947, 122.90321995464852, 123.36761904761904, 123.8552380952381, 124.31963718820862, 124.80725623582767, 125.27165532879819, 125.75927437641724, 126.22367346938775, 126.7112925170068, 127.17569160997732, 127.66331065759637, 128.1277097505669, 128.61532879818594, 129.07972789115647, 129.5673469387755, 130.03174603174602, 130.5193650793651, 130.9837641723356, 131.47138321995465, 131.93578231292517, 132.4234013605442, 132.88780045351473, 133.3754195011338, 133.83981859410432, 134.32743764172335], "other_tempo": 129.19921875,