{"file": "12. Escape.wav", "drum_tempo": 151.99908088235293, "drum_beats": [12.863854875283447, 13.25859410430839, 13.653333333333334, 14.048072562358277, 14.44281179138322, 14.86077097505669, 15.255510204081633, 15.650249433106575, 16.068208616780044, 16.46294784580499, 16.857687074829933, 17.252426303854875, 17.670385487528346, 18.06512471655329, 18.45986394557823, 18.854603174603174, 19.272562358276645, 19.667301587301587, 20.06204081632653, 20.456780045351476, 20.851519274376418, 21.269478458049885, 21.66421768707483, 22.058956916099774, 22.453696145124717, 22.871655328798187, 23.26639455782313, 23.661133786848072, 24.079092970521543, 24.473832199546486, 24.86857142857143, 25.26331065759637, 25.658049886621317, 26.076009070294784, 26.470748299319727, 26.865487528344673, 27.260226757369615, 27.654965986394558, 28.0497052154195, 28.46766439909297, 28.862403628117914, 29.280362811791385, 29.6518820861678, 30.046621315192745, 30.48780045351474, 30.859319727891158, 31.277278911564625, 31.672018140589568, 32.066757369614514, 32.48471655328798, 32.8562358276644, 33.25097505668934, 33.645714285714284, 34.04045351473923, 34.4584126984127, 34.87637188208617, 35.247891156462586, 35.66585034013605, 36.060589569160996, 36.45532879818594, 36.85006802721088, 37.24480725623583, 37.6627664399093, 38.05750566893424, 38.45224489795918, 38.846984126984125, 39.2649433106576, 39.65968253968254, 40.054421768707485, 40.44916099773243, 40.867120181405895, 41.26185941043084, 41.65659863945578, 42.05133786848072, 42.44607709750567, 42.840816326530614, 43.25877551020408, 43.653514739229024, 44.07147392290249, 44.46621315192744, 44.860952380952384, 45.255691609977326, 45.65043083900227, 46.04517006802721, 46.46312925170068, 46.85786848072562, 47.25260770975056, 47.64734693877551, 48.042086167800456, 48.46004535147392, 48.854784580498865, 49.24952380952381, 49.66748299319728, 50.062222222222225, 50.48018140589569, 50.874920634920635, 51.26965986394558, 51.66439909297052, 52.05913832199546, 52.453877551020405, 52.848616780045354, 53.26657596371882, 53.661315192743764, 54.05605442176871, 54.45079365079365, 54.84553287981859, 55.263492063492066, 55.65823129251701, 56.05297052154195, 56.447709750566894, 56.86566893424036, 57.2604081632653, 57.655147392290246, 58.07310657596372, 58.46784580498866, 58.862585034013605, 59.25732426303855, 59.65206349206349, 60.04680272108843, 60.46476190476191, 60.85950113378685, 61.25424036281179, 61.67219954648526, 62.0669387755102, 62.461678004535145, 62.87963718820862, 63.27437641723356, 63.669115646258504, 64.06385487528345, 64.48181405895691, 64.87655328798186, 65.2712925170068, 65.66603174603175, 66.06077097505668, 66.45551020408163, 66.85024943310657, 67.24498866213152, 67.68616780045352, 68.05768707482993, 68.45242630385488, 68.84716553287981, 69.24190476190476, 69.65986394557824, 70.05460317460317, 70.44934240362812, 70.89052154195011, 71.26204081632653, 71.65678004535147, 72.05151927437642, 72.44625850340137, 72.86421768707483, 73.25895691609978, 73.65369614512471, 74.09487528344671, 74.46639455782314, 74.86113378684807, 75.25587301587302, 75.65061224489796, 76.06857142857143, 76.46331065759637, 76.85804988662132, 77.25278911564625, 77.67074829931973, 78.06548752834468, 78.46022675736961, 78.85496598639456, 79.2497052154195, 79.66766439909297, 80.06240362811792, 80.45714285714286, 80.8518820861678, 81.24662131519274, 81.66458049886621, 82.05931972789115, 82.4540589569161, 82.84879818594105, 83.26675736961451, 83.66149659863946, 84.0562358276644, 84.45097505668934, 84.84571428571428, 85.26367346938775, 85.6584126984127, 86.05315192743764, 86.44789115646259, 86.86585034013605, 87.260589569161, 87.65532879818593, 88.05006802721088, 88.46802721088436, 88.8627664399093, 89.28072562358277, 89.6754648526077, 90.07020408163265, 90.4649433106576, 90.85968253968254, 91.25442176870749, 91.64916099773242, 92.0671201814059, 92.46185941043083, 92.85659863945578, 93.25133786848073, 93.66929705215419, 94.06403628117914, 94.45877551020408, 94.85351473922903, 95.2714739229025, 95.66621315192744, 96.06095238095239, 96.45569160997732, 96.85043083900227, 97.26839002267573, 97.66312925170068, 98.05786848072562, 98.45260770975057, 98.87056689342404, 99.26530612244898, 99.66004535147393, 100.05478458049886, 100.47274376417234, 100.86748299319729, 101.26222222222222, 101.65696145124717, 102.0517006802721, 102.44643990929706, 102.86439909297052, 103.25913832199547, 103.65387755102041, 104.04861678004535, 104.46657596371882, 104.86131519274376, 105.25605442176871, 105.65079365079364, 106.06875283446712, 106.46349206349207, 106.858231292517, 107.25297052154195, 107.64770975056689, 108.06566893424036, 108.4604081632653, 108.85514739229025, 109.27310657596372, 109.66784580498866, 110.03936507936508, 110.43410430839002, 110.8520634920635, 111.24680272108843, 111.6647619047619, 112.05950113378685, 112.47746031746031, 112.84897959183674, 113.24371882086167, 113.66167800453515, 114.0564172335601, 114.47437641723356, 114.84589569160998, 115.24063492063492, 115.65859410430839, 116.07655328798187, 116.4712925170068, 116.86603174603175, 117.26077097505669, 117.65551020408164, 118.05024943310657, 118.44498866213152, 118.86294784580498, 119.25768707482993, 119.65242630385488, 120.04716553287982, 120.44190476190477, 120.85986394557823, 121.25460317460318, 121.64934240362811, 122.06730158730159, 122.46204081632654, 122.85678004535147, 123.25151927437642, 123.64625850340136, 124.06421768707483, 124.45895691609978, 124.85369614512472, 125.24843537414966, 125.66639455782312, 126.06113378684807, 126.45587301587301, 126.85061224489796, 127.26857142857143, 127.66331065759637, 128.05804988662132, 128.45278911564625, 128.87074829931973, 129.26548752834466, 129.66022675736963, 130.05496598639456, 130.4497052154195, 130.86766439909297, 131.2624036281179, 131.65714285714284, 132.0518820861678, 132.44662131519274, 132.86458049886622, 133.25931972789115, 133.6540589569161, 134.07201814058956, 134.4667573696145, 134.86149659863946, 135.2562358276644, 135.65097505668933, 136.0689342403628, 136.46367346938774, 136.8584126984127, 137.25315192743764, 137.67111111111112, 138.06585034013605], "other_tempo": 151.99908088235293,