{"file": "14. Mom's Basement.wav", "drum_tempo": 107.666015625, "drum_beats": [18.320544217687075, 18.901043083900227, 19.481541950113378, 20.06204081632653, 20.619319727891156, 21.199818594104308, 21.757097505668934, 22.337596371882086, 22.894875283446712, 23.475374149659864, 24.055873015873015, 24.636371882086166, 25.193650793650793, 25.774149659863944, 26.33142857142857, 26.911927437641722, 27.46920634920635, 28.0497052154195, 28.63020408163265, 29.210702947845807, 29.76798185941043, 30.325260770975056, 30.905759637188208, 31.48625850340136, 32.04353741496599, 32.62403628117914, 33.18131519274377, 33.761814058956915, 34.34231292517007, 34.92281179138322, 35.5265306122449, 36.060589569160996, 36.617868480725626, 37.198367346938774, 37.77886621315193, 38.33614512471655, 38.91664399092971, 39.47392290249433, 40.054421768707485, 40.61170068027211, 41.19219954648526, 41.77269841269841, 42.353197278911566, 42.91047619047619, 43.490975056689344, 44.04825396825397, 44.62875283446712, 45.20925170068027, 45.7665306122449, 46.34702947845805, 46.9275283446712, 47.484807256235825, 48.042086167800456, 48.6225850340136, 49.179863945578234, 49.76036281179138, 50.340861678004536, 50.921360544217684, 51.478639455782314, 52.05913832199546, 52.61641723356009, 53.19691609977324, 53.777414965986395, 54.33469387755102, 54.91519274376417, 55.472471655328796, 56.05297052154195, 56.6334693877551, 57.19074829931973, 57.77124716553288, 58.35174603174603, 58.909024943310655, 59.466303854875285, 60.04680272108843, 60.62730158730159, 61.207800453514736, 61.765079365079366, 62.345578231292514, 62.902857142857144, 63.48335600907029, 64.04063492063491, 64.62113378684808, 65.1784126984127, 65.75891156462585, 66.339410430839, 66.91990929705216, 67.47718820861678, 68.05768707482993, 68.61496598639455, 69.19546485260771, 69.75274376417234, 70.33324263038548, 70.91374149659863, 71.4942403628118, 72.05151927437642, 72.60879818594104, 73.18929705215419, 73.76979591836735, 74.3502947845805, 74.93079365079365, 75.48807256235828, 76.0453514739229, 76.60263038548753, 77.18312925170068, 77.76362811791383, 78.34412698412699, 78.90140589569161, 79.48190476190476, 80.03918367346938, 80.61968253968254, 81.17696145124717, 81.75746031746031, 82.33795918367348, 82.8952380952381, 83.47573696145125, 84.0562358276644, 84.61351473922902, 85.19401360544218, 85.7512925170068, 86.33179138321995, 86.91229024943311, 87.46956916099774, 88.05006802721088, 88.63056689342403, 89.18784580498867, 89.76834467120182, 90.32562358276644, 90.90612244897959, 91.48662131519275, 92.04390022675737, 92.62439909297052, 93.20489795918367, 93.7621768707483, 94.34267573696145, 94.89995464852608, 95.48045351473922, 96.03773242630386, 96.61823129251701, 97.19873015873016, 97.7792290249433, 98.33650793650794, 98.91700680272109, 99.49750566893424, 100.05478458049886, 100.6120634920635, 101.19256235827665, 101.7730612244898, 102.35356009070294, 102.91083900226758, 103.49133786848073, 104.04861678004535, 104.6291156462585, 105.18639455782314, 105.76689342403628, 106.3241723356009, 106.90467120181405, 107.48517006802722, 108.06566893424036, 108.62294784580499, 109.18022675736961, 109.76072562358277, 110.34122448979592, 110.89850340136054, 111.47900226757369, 112.05950113378685, 112.61678004535148, 113.19727891156462, 113.77777777777777, 114.33505668934241, 114.91555555555556, 115.4960544217687, 116.05333333333333, 116.61061224489796, 117.19111111111111, 117.74839002267574, 118.32888888888888, 118.90938775510205, 119.4898866213152, 120.04716553287982, 120.62766439909296, 121.1849433106576, 121.76544217687075, 122.32272108843537, 122.90321995464852, 123.48371882086168, 124.06421768707483, 124.62149659863945, 125.2019954648526, 125.75927437641724, 126.33977324263039, 126.89705215419501, 127.45433106575963, 128.03482993197278, 128.61532879818594, 129.1958276643991, 129.77632653061224, 130.33360544217686, 130.91410430839002, 131.47138321995465, 132.0518820861678, 132.60916099773243, 133.18965986394556, 133.77015873015873, 134.3506575963719, 134.9079365079365, 135.48843537414967, 136.0457142857143, 136.62621315192743, 137.18349206349205, 137.76399092970522, 138.34448979591838, 138.9249886621315, 139.48226757369613, 140.03954648526076, 140.62004535147392, 141.20054421768708, 141.7578231292517, 142.33832199546487, 142.8956009070295, 143.47609977324262, 144.05659863945579, 144.6138775510204, 145.19437641723357, 145.7748752834467, 146.33215419501133, 146.9126530612245, 147.4699319727891, 148.05043083900227, 148.6309297052154, 149.18820861678006, 149.74548752834468, 150.32598639455782, 150.90648526077098, 151.48698412698414, 152.06748299319727, 152.6247619047619, 153.18204081632652, 153.76253968253968, 154.36625850340135, 154.92353741496598, 155.4808163265306, 156.06131519274376, 156.6185941043084, 157.19909297052155, 157.75637188208617, 158.33687074829933, 158.91736961451247, 159.4746485260771, 160.05514739229025, 160.6356462585034, 161.19292517006804, 161.77342403628117, 162.3307029478458, 162.91120181405896, 163.46848072562358], "other_tempo": 129.19921875,