{"file": "16. Spicy.wav", "drum_tempo": 99.38401442307692, "drum_beats": [9.659501133786849, 10.263219954648527, 10.843718820861678, 11.447437641723356, 12.051156462585034, 12.654875283446712, 13.25859410430839, 13.862312925170068, 14.44281179138322, 15.069750566893424, 15.650249433106575, 16.253968253968253, 16.857687074829933, 17.46140589569161, 18.06512471655329, 18.64562358276644, 19.249342403628116, 19.853061224489796, 20.433560090702947, 21.037278911564627, 21.640997732426303, 22.244716553287983, 22.84843537414966, 23.45215419501134, 24.03265306122449, 24.636371882086166, 25.240090702947846, 25.843809523809522, 26.447528344671202, 27.051247165532878, 27.631746031746033, 28.23546485260771, 28.83918367346939, 29.442902494331065, 30.046621315192745, 30.65034013605442, 31.230839002267572, 31.834557823129252, 32.43827664399093, 33.041995464852604, 33.645714285714284, 34.249433106575964, 34.82993197278912, 35.43365079365079, 36.03736961451247, 36.64108843537415, 37.268027210884355, 37.8485260770975, 38.42902494331066, 39.05596371882086, 39.63646258503401, 40.24018140589569, 40.84390022675737, 41.44761904761905, 42.05133786848072, 42.6550566893424, 43.23555555555556, 43.83927437641724, 44.44299319727891, 45.04671201814059, 45.627210884353744, 46.23092970521542, 46.834648526077096, 47.438367346938776, 48.042086167800456, 48.64580498866213, 49.24952380952381, 49.85324263038549, 50.43374149659864, 51.037460317460315, 51.641179138321995, 52.244897959183675, 52.848616780045354, 53.45233560090703, 54.03283446712018, 54.63655328798186, 55.240272108843534, 55.843990929705214, 56.447709750566894, 57.05142857142857, 57.655147392290246, 58.258866213151926, 58.862585034013605, 59.44308390022676, 60.04680272108843, 60.65052154195011, 61.25424036281179, 61.85795918367347, 62.461678004535145, 63.065396825396824, 63.669115646258504, 64.24961451247165, 64.85333333333334, 65.45705215419501, 66.06077097505668, 66.66448979591837, 67.26820861678004, 67.84870748299319, 68.42920634920635, 69.03292517006803, 69.6366439909297, 70.24036281179139, 70.84408163265306, 71.44780045351474, 72.05151927437642, 72.65523809523809, 73.23573696145125, 73.83945578231292, 74.4431746031746, 75.04689342403628, 75.62739229024943, 76.2311111111111, 76.83482993197279, 77.43854875283446, 78.04226757369615, 78.64598639455782, 79.2497052154195, 79.85342403628118, 80.43392290249433, 81.037641723356, 81.64136054421769, 82.24507936507936, 82.82557823129251, 83.45251700680272, 84.03301587301587, 84.63673469387756, 85.26367346938775, 85.8441723356009, 86.44789115646259, 87.05160997732426, 87.63210884353741, 88.2358276643991, 88.83954648526077, 89.44326530612246, 90.04698412698413, 90.6507029478458, 91.23120181405896, 91.83492063492064, 92.43863945578231, 93.042358276644, 93.64607709750567, 94.24979591836734, 94.8302947845805, 95.4572335600907, 96.03773242630386, 96.64145124716553, 97.2451700680272, 97.8488888888889, 98.42938775510204, 99.03310657596371, 99.6368253968254, 100.24054421768707, 100.84426303854875, 101.44798185941043, 102.0517006802721, 102.65541950113379, 103.23591836734694, 103.83963718820861, 104.46657596371882, 105.04707482993197, 105.65079365079364, 106.25451247165533, 106.858231292517, 107.46195011337869, 108.04244897959184, 108.66938775510204, 109.2498866213152, 109.85360544217687, 110.45732426303854, 111.06104308390023, 111.6647619047619, 112.26848072562358, 112.87219954648526, 113.47591836734694, 114.07963718820862, 114.66013605442177, 115.26385487528344, 115.8443537414966, 116.44807256235828, 117.05179138321995, 117.63229024943311, 118.23600907029478, 118.83972789115646, 119.44344671201814, 120.04716553287982, 120.6508843537415, 121.23138321995465, 121.83510204081632, 122.43882086167801, 123.04253968253968, 123.64625850340136, 124.24997732426304, 124.83047619047619, 125.43419501133786, 126.03791383219955, 126.64163265306122, 127.24535147392291, 127.84907029478458, 128.42956916099774, 129.03328798185942, 129.6370068027211, 130.24072562358276, 130.84444444444443, 131.44816326530614, 132.0518820861678, 132.65560090702948, 133.25931972789115, 133.83981859410432, 134.443537414966, 135.04725623582766, 135.62775510204082, 136.25469387755103, 136.83519274376417, 137.43891156462584, 138.04263038548754, 138.6463492063492, 139.2500680272109, 139.85378684807256, 140.43428571428572, 141.0380045351474, 141.64172335600907, 142.24544217687074, 142.8259410430839, 143.42965986394557, 144.03337868480725, 144.63709750566895, 145.24081632653062, 145.8445351473923, 146.44825396825397, 147.05197278911564, 147.6324716553288, 148.23619047619047, 148.83990929705215, 149.44362811791385, 150.04734693877552, 150.6510657596372, 151.23156462585035, 151.83528344671203], "other_tempo": 99.38401442307692,