{"file": "17. Crowd Control.wav", "drum_tempo": 123.046875, "drum_beats": [1.2770975056689342, 1.7414965986394557, 2.2291156462585033, 2.716734693877551, 3.2043537414965986, 3.6919727891156464, 4.179591836734694, 4.667210884353741, 5.131609977324263, 5.61922902494331, 6.106848072562358, 6.594467120181406, 7.082086167800454, 7.569705215419501, 8.057324263038549, 8.544943310657596, 9.032562358276644, 9.496961451247165, 9.984580498866213, 10.47219954648526, 10.95981859410431, 11.447437641723356, 11.911836734693878, 12.399455782312925, 12.887074829931972, 13.374693877551021, 13.862312925170068, 14.32671201814059, 14.814331065759637, 15.301950113378684, 15.789569160997733, 16.253968253968253, 16.741587301587302, 17.22920634920635, 17.716825396825396, 18.204444444444444, 18.692063492063493, 19.156462585034014, 19.644081632653062, 20.131700680272107, 20.619319727891156, 21.106938775510205, 21.59455782312925, 22.0821768707483, 22.569795918367348, 23.034195011337868, 23.521814058956917, 24.009433106575965, 24.49705215419501, 24.961451247165535, 25.44907029478458, 25.93668934240363, 26.424308390022677, 26.911927437641722, 27.39954648526077, 27.88716553287982, 28.374784580498865, 28.83918367346939, 29.326802721088434, 29.814421768707483, 30.30204081632653, 30.789659863945577, 31.277278911564625, 31.764897959183674, 32.229297052154195, 32.71691609977324, 33.20453514739229, 33.69215419501134, 34.17977324263038, 34.66739229024943, 35.131791383219955, 35.619410430839004, 36.10702947845805, 36.594648526077094, 37.05904761904762, 37.56988662131519, 38.034285714285716, 38.521904761904764, 39.00952380952381, 39.497142857142855, 39.96154195011338, 40.47238095238095, 40.936780045351476, 41.44761904761905, 41.912018140589566, 42.399637188208615, 42.887256235827664, 43.37487528344671, 43.83927437641724, 44.32689342403628, 44.81451247165533, 45.302131519274376, 45.789750566893424, 46.27736961451247, 46.76498866213152, 47.25260770975056, 47.71700680272109, 48.204625850340136, 48.692244897959185, 49.179863945578234, 49.66748299319728, 50.155102040816324, 50.64272108843537, 51.13034013605442, 51.594739229024945, 52.082358276643994, 52.569977324263036, 53.03437641723356, 53.52199546485261, 54.00961451247166, 54.497233560090706, 54.98485260770975, 55.472471655328796, 55.960090702947845, 56.447709750566894, 56.91210884353742, 57.39972789115646, 57.88734693877551, 58.37496598639456, 58.862585034013605, 59.350204081632654, 59.81460317460318, 60.30222222222222, 60.78984126984127, 61.27746031746032, 61.765079365079366, 62.252698412698415, 62.71709750566893, 63.20471655328798, 63.669115646258504, 64.15673469387755, 64.66757369614513, 65.13197278911565, 65.6195918367347, 66.10721088435375, 66.57160997732426, 67.0592290249433, 67.54684807256236, 68.0344671201814, 68.52208616780045, 69.0097052154195, 69.49732426303855, 69.9849433106576, 70.44934240362812, 70.93696145124717, 71.42458049886622, 71.91219954648525, 72.3998185941043, 72.88743764172335, 73.3750566893424, 73.83945578231292, 74.32707482993197, 74.81469387755102, 75.30231292517007, 75.78993197278912, 76.27755102040817, 76.76517006802722, 77.22956916099773, 77.71718820861678, 78.20480725623582, 78.66920634920635, 79.18004535147392, 79.64444444444445, 80.1320634920635, 80.61968253968254, 81.10730158730159, 81.57170068027212, 82.08253968253969, 82.5469387755102, 83.03455782312925, 83.5221768707483, 84.00979591836735, 84.4974149659864, 84.98503401360544, 85.44943310657597, 85.96027210884354, 86.42467120181406, 86.91229024943311, 87.39990929705215, 87.8875283446712, 88.37514739229024, 88.83954648526077, 89.32716553287982, 89.81478458049887, 90.30240362811791, 90.79002267573696, 91.25442176870749, 91.76526077097506, 92.22965986394559, 92.71727891156462, 93.20489795918367, 93.69251700680272, 94.18013605442177, 94.66775510204081, 95.15537414965986, 95.61977324263039, 96.10739229024944, 96.59501133786848, 97.08263038548753, 97.57024943310658, 98.03464852607709, 98.52226757369614, 99.00988662131519, 99.49750566893424, 99.98512471655329, 100.47274376417234, 100.96036281179138, 101.44798185941043, 101.91238095238096, 102.4, 102.88761904761905, 103.37523809523809, 103.86285714285714, 104.35047619047619, 104.83809523809524, 105.30249433106576, 105.79011337868481, 106.27773242630386, 106.74213151927438, 107.22975056689343, 107.71736961451248, 108.20498866213151, 108.69260770975056, 109.18022675736961, 109.64462585034013, 110.13224489795918, 110.61986394557823, 111.10748299319728, 111.59510204081633, 112.05950113378685, 112.5471201814059, 113.03473922902495, 113.52235827664398, 114.00997732426303, 114.49759637188208, 114.98521541950113, 115.47283446712018, 115.9372335600907, 116.42485260770975, 116.9124716553288, 117.40009070294785, 117.8877097505669, 118.35210884353741, 118.86294784580498, 119.3273469387755, 119.81496598639455, 120.3025850340136, 120.79020408163265, 121.2778231292517, 121.74222222222222, 122.22984126984127, 122.71746031746032, 123.20507936507937, 123.69269841269842, 124.18031746031745, 124.6679365079365, 125.13233560090703, 125.61995464852608, 126.10757369614512, 126.59519274376417, 127.08281179138322, 127.57043083900227, 128.03482993197278, 128.52244897959184, 129.01006802721088, 129.49768707482994, 129.96208616780046, 130.47292517006804, 130.93732426303856, 131.4249433106576, 131.91256235827663, 132.4001814058957, 132.88780045351473, 133.3754195011338, 133.83981859410432, 134.32743764172335, 134.8150566893424, 135.30267573696145, 135.7902947845805, 136.27791383219954, 136.74231292517007, 137.2299319727891, 137.71755102040817, 138.2051700680272, 138.69278911564626], "other_tempo": 123.046875,