{"file": "18. Woodhall.wav", "drum_tempo": 99.38401442307692, "drum_beats": [9.659501133786849, 10.263219954648527, 10.866938775510205, 11.447437641723356, 12.051156462585034, 12.654875283446712, 13.25859410430839, 13.862312925170068, 14.466031746031746, 15.069750566893424, 15.650249433106575, 16.253968253968253, 16.857687074829933, 17.46140589569161, 18.06512471655329, 18.64562358276644, 19.272562358276645, 19.853061224489796, 20.433560090702947, 21.037278911564627, 21.640997732426303, 22.244716553287983, 22.825215419501134, 23.42893424036281, 24.055873015873015, 24.636371882086166, 25.240090702947846, 25.843809523809522, 26.447528344671202, 27.028027210884353, 27.631746031746033, 28.23546485260771, 28.83918367346939, 29.442902494331065, 30.023401360544216, 30.627120181405896, 31.2540589569161, 31.834557823129252, 32.43827664399093, 33.041995464852604, 33.645714285714284, 34.249433106575964, 34.82993197278912, 35.43365079365079, 36.060589569160996, 36.64108843537415, 37.268027210884355, 37.8485260770975, 38.42902494331066, 39.03274376417234, 39.63646258503401, 40.24018140589569, 40.84390022675737, 41.44761904761905, 42.0281179138322, 42.63183673469388, 43.23555555555556, 43.83927437641724, 44.44299319727891, 45.04671201814059, 45.65043083900227, 46.23092970521542, 46.834648526077096, 47.438367346938776, 48.042086167800456, 48.64580498866213, 49.24952380952381, 49.85324263038549, 50.45696145124717, 51.06068027210885, 51.641179138321995, 52.244897959183675, 52.848616780045354, 53.4291156462585, 54.03283446712018, 54.63655328798186, 55.240272108843534, 55.843990929705214, 56.47092970521542, 57.05142857142857, 57.655147392290246, 58.258866213151926, 58.862585034013605, 59.44308390022676, 60.04680272108843, 60.65052154195011, 61.25424036281179, 61.85795918367347, 62.461678004535145, 63.065396825396824, 63.669115646258504, 64.27283446712018, 64.85333333333334, 65.45705215419501, 66.06077097505668, 66.66448979591837, 67.26820861678004, 67.84870748299319, 68.45242630385488, 69.03292517006803, 69.6366439909297, 70.24036281179139, 70.84408163265306, 71.44780045351474, 72.05151927437642, 72.63201814058957, 73.23573696145125, 73.83945578231292, 74.4431746031746, 75.04689342403628, 75.62739229024943, 76.2311111111111, 76.83482993197279, 77.43854875283446, 78.04226757369615, 78.64598639455782, 79.2497052154195, 79.85342403628118, 80.45714285714286, 81.037641723356, 81.64136054421769, 82.24507936507936, 82.82557823129251, 83.4292970521542, 84.0562358276644, 84.63673469387756, 85.26367346938775, 85.8441723356009, 86.42467120181406, 87.05160997732426, 87.63210884353741, 88.2358276643991, 88.83954648526077, 89.44326530612246, 90.04698412698413, 90.62748299319728, 91.25442176870749, 91.83492063492064, 92.43863945578231, 93.042358276644, 93.64607709750567, 94.24979591836734, 94.8302947845805, 95.43401360544217, 96.03773242630386, 96.64145124716553, 97.2451700680272, 97.8488888888889, 98.45260770975057, 99.03310657596371, 99.6368253968254, 100.24054421768707, 100.84426303854875, 101.44798185941043, 102.0517006802721, 102.65541950113379, 103.25913832199547, 103.86285714285714, 104.46657596371882, 105.04707482993197, 105.65079365079364, 106.25451247165533, 106.858231292517, 107.46195011337869, 108.06566893424036, 108.66938775510204, 109.2498866213152, 109.85360544217687, 110.45732426303854, 111.06104308390023, 111.6647619047619, 112.26848072562358, 112.87219954648526, 113.47591836734694, 114.07963718820862, 114.66013605442177, 115.26385487528344, 115.8443537414966, 116.42485260770975, 117.02857142857142, 117.65551020408164, 118.23600907029478, 118.86294784580498, 119.44344671201814, 120.04716553287982, 120.62766439909296, 121.23138321995465, 121.83510204081632, 122.43882086167801, 123.04253968253968, 123.64625850340136, 124.24997732426304, 124.83047619047619, 125.43419501133786, 126.03791383219955, 126.64163265306122, 127.24535147392291, 127.84907029478458, 128.45278911564625, 129.03328798185942, 129.6370068027211, 130.24072562358276, 130.84444444444443, 131.44816326530614, 132.0518820861678, 132.65560090702948, 133.25931972789115, 133.83981859410432, 134.443537414966, 135.04725623582766, 135.62775510204082, 136.2314739229025, 136.83519274376417, 137.43891156462584, 138.04263038548754, 138.6463492063492, 139.2500680272109, 139.85378684807256, 140.45750566893423, 141.0380045351474, 141.64172335600907, 142.24544217687074, 142.84916099773244, 143.4528798185941, 144.03337868480725, 144.63709750566895, 145.24081632653062, 145.8445351473923, 146.44825396825397, 147.05197278911564, 147.6324716553288, 148.23619047619047, 148.83990929705215, 149.44362811791385, 150.04734693877552, 150.6510657596372, 151.25478458049886, 151.85850340136054, 152.4622222222222], "other_tempo": 99.38401442307692,