{"file": "19. Xanatana.wav", "drum_tempo": 123.046875, "drum_beats": [0.301859410430839, 0.7894784580498866, 1.2770975056689342, 1.7414965986394557, 2.2291156462585033, 2.716734693877551, 3.2043537414965986, 3.6919727891156464, 4.179591836734694, 4.667210884353741, 5.131609977324263, 5.61922902494331, 6.130068027210885, 6.6873469387755105, 7.244625850340136, 7.801904761904762, 8.266303854875284, 8.753922902494331, 9.241541950113378, 9.729160997732427, 10.193560090702947, 10.704399092970522, 11.168798185941043, 11.656417233560092, 12.144036281179138, 12.631655328798185, 13.096054421768708, 13.606893424036281, 14.071292517006803, 14.55891156462585, 15.046530612244897, 15.534149659863946, 15.998548752834466, 16.50938775510204, 16.973786848072564, 17.46140589569161, 17.949024943310658, 18.436643990929706, 18.901043083900227, 19.4118820861678, 19.87628117913832, 20.387120181405894, 20.851519274376418, 21.36235827664399, 21.803537414965987, 22.31437641723356, 22.801995464852606, 23.289614512471655, 23.754013605442175, 24.241632653061224, 24.729251700680273, 25.21687074829932, 25.68126984126984, 26.192108843537415, 26.656507936507936, 27.144126984126984, 27.631746031746033, 28.11936507936508, 28.583764172335602, 29.094603174603176, 29.559002267573696, 30.046621315192745, 30.511020408163265, 31.02185941043084, 31.48625850340136, 31.997097505668933, 32.46149659863946, 32.949115646258505, 33.436734693877554, 33.924353741496596, 34.38875283446712, 34.87637188208617, 35.34077097505669, 35.75873015873016, 36.17668934240363, 36.594648526077094, 37.05904761904762, 37.54666666666667, 38.034285714285716, 38.521904761904764, 39.00952380952381, 39.497142857142855, 39.9847619047619, 40.47238095238095, 40.936780045351476, 41.424399092970525, 41.912018140589566, 42.399637188208615, 42.887256235827664, 43.37487528344671, 43.86249433106576, 44.35011337868481, 44.83773242630385, 45.39501133786848, 45.952290249433105, 46.509569160997735, 46.97396825396825, 47.484807256235825, 47.94920634920635, 48.4368253968254, 48.901224489795915, 49.412063492063496, 49.87646258503401, 50.36408163265306, 50.85170068027211, 51.33931972789116, 51.82693877551021, 52.31455782312925, 52.77895691609977, 53.289795918367346, 53.75419501133787, 54.24181405895692, 54.706213151927436, 55.21705215419501, 55.68145124716553, 56.19229024943311, 56.65668934240363, 57.14430839002267, 57.608707482993196, 58.11954648526077, 58.583945578231294, 59.09478458049887, 59.559183673469384, 60.070022675736965, 60.53442176870748, 61.02204081632653, 61.486439909297054, 61.99727891156463, 62.461678004535145, 62.97251700680272, 63.43691609977324, 63.92453514739229, 64.41215419501134, 64.89977324263039, 65.36417233560091, 65.85179138321996, 66.339410430839, 66.82702947845804, 67.29142857142857, 67.80226757369614, 68.26666666666667, 68.75428571428571, 69.24190476190476, 69.72952380952381, 70.19392290249434, 70.70476190476191, 71.16916099773243, 71.68, 72.14439909297052, 72.63201814058957, 73.09641723356009, 73.60725623582766, 74.07165532879819, 74.55927437641724, 75.02367346938776, 75.4184126984127, 75.83637188208617, 76.27755102040817, 76.74195011337868, 77.22956916099773, 77.71718820861678, 78.20480725623582, 78.69242630385487, 79.18004535147392, 79.64444444444445, 80.1320634920635, 80.61968253968254, 81.10730158730159, 81.59492063492064, 82.08253968253969, 82.57015873015872, 83.05777777777777, 83.54539682539682, 84.10267573696144, 84.65995464852608, 85.2172335600907, 85.68163265306123, 86.1924716553288, 86.65687074829933, 87.14448979591836, 87.63210884353741, 88.11972789115646, 88.58412698412698, 89.09496598639456, 89.55936507936508, 90.04698412698413, 90.53460317460318, 91.02222222222223, 91.48662131519275, 91.99746031746032, 92.46185941043083, 92.94947845804988, 93.4138775510204, 93.92471655328798, 94.41233560090703, 94.89995464852608, 95.3643537414966, 95.85197278911565, 96.3395918367347, 96.82721088435375, 97.29160997732426, 97.80244897959183, 98.26684807256235, 98.77768707482993, 99.24208616780045, 99.7297052154195, 100.21732426303855, 100.7049433106576, 101.16934240362812, 101.6801814058957, 102.14458049886622, 102.63219954648527, 103.09659863945578, 103.60743764172335, 104.07183673469387, 104.55945578231292, 105.04707482993197, 105.53469387755102, 106.02231292517007, 106.50993197278912, 106.97433106575964, 107.48517006802722, 107.94956916099773, 108.43718820861677, 108.9015873015873, 109.41242630385487, 109.8768253968254, 110.38766439909297, 110.8520634920635, 111.33968253968254, 111.80408163265307, 112.31492063492064, 112.77931972789116, 113.29015873015874, 113.75455782312925, 114.26539682539682, 114.70657596371882, 115.21741496598639], "other_tempo": 123.046875,