{"file": "2. Skies The LImit.wav", "drum_tempo": 123.046875, "drum_beats": [0.06965986394557823, 0.5572789115646258, 1.0216780045351475, 1.509297052154195, 1.9969160997732427, 2.461315192743764, 2.948934240362812, 3.436553287981859, 3.924172335600907, 4.4117913832199545, 4.899410430839002, 5.363809523809524, 5.851428571428571, 6.339047619047619, 6.826666666666667, 7.314285714285714, 7.801904761904762, 8.289523809523809, 8.753922902494331, 9.241541950113378, 9.729160997732427, 10.216780045351474, 10.704399092970522, 11.19201814058957, 11.679637188208616, 12.167256235827665, 12.654875283446712, 13.142494331065759, 13.630113378684808, 14.094512471655328, 14.582131519274377, 15.069750566893424, 15.51092970521542, 15.928888888888888, 16.39328798185941, 16.880907029478458, 17.345306122448978, 17.76326530612245, 18.204444444444444, 18.692063492063493, 19.156462585034014, 19.644081632653062, 20.131700680272107, 20.619319727891156, 21.106938775510205, 21.59455782312925, 22.058956916099774, 22.54657596371882, 23.057414965986396, 23.521814058956917, 24.009433106575965, 24.49705215419501, 24.98467120181406, 25.44907029478458, 25.93668934240363, 26.424308390022677, 26.911927437641722, 27.39954648526077, 27.88716553287982, 28.35156462585034, 28.83918367346939, 29.326802721088434, 29.814421768707483, 30.30204081632653, 30.789659863945577, 31.277278911564625, 31.857777777777777, 32.36861678004535, 32.833015873015874, 33.34385487528345, 33.924353741496596, 34.411972789115644, 34.89959183673469, 35.38721088435374, 35.851609977324266, 36.33922902494331, 36.826848072562356, 37.314467120181405, 37.77886621315193, 38.26648526077098, 38.75410430839002, 39.24172335600907, 39.72934240362812, 40.216961451247165, 40.704580498866214, 41.19219954648526, 41.65659863945578, 42.14421768707483, 42.63183673469388, 43.119455782312926, 43.607074829931975, 44.09469387755102, 44.582312925170065, 45.069931972789114, 45.53433106575964, 46.021950113378686, 46.509569160997735, 46.99718820861678, 47.484807256235825, 47.94920634920635, 48.4368253968254, 48.92444444444445, 49.412063492063496, 49.89968253968254, 50.36408163265306, 50.85170068027211, 51.33931972789116, 51.82693877551021, 52.31455782312925, 52.8021768707483, 53.26657596371882, 53.75419501133787, 54.24181405895692, 54.72943310657596, 55.21705215419501, 55.70467120181406, 56.16907029478458, 56.65668934240363, 57.14430839002267, 57.63192743764172, 58.11954648526077, 58.60716553287982, 59.09478458049887, 59.582403628117916, 60.070022675736965, 60.55764172335601, 61.045260770975055, 61.50965986394558, 61.99727891156463, 62.48489795918368, 62.97251700680272, 63.43691609977324, 63.92453514739229, 64.41215419501134, 64.89977324263039, 65.38739229024944, 65.85179138321996, 66.339410430839, 66.82702947845804, 67.3146485260771, 67.80226757369614, 68.28988662131519, 68.75428571428571, 69.24190476190476, 69.72952380952381, 70.21714285714286, 70.70476190476191, 71.19238095238096, 71.68, 72.14439909297052, 72.63201814058957, 73.11963718820861, 73.60725623582766, 74.09487528344671, 74.58249433106576, 75.04689342403628, 75.53451247165533, 76.02213151927438, 76.50975056689343, 76.99736961451246, 77.48498866213151, 77.94938775510204, 78.43700680272109, 78.92462585034014, 79.41224489795918, 79.89986394557823, 80.36426303854876, 80.8518820861678, 81.33950113378685, 81.8271201814059, 82.31473922902494, 82.77913832199546, 83.26675736961451, 83.75437641723356, 84.24199546485261, 84.70639455782313, 85.2172335600907, 85.70485260770975, 86.1924716553288, 86.65687074829933, 87.14448979591836, 87.63210884353741, 88.11972789115646, 88.58412698412698, 89.07174603174603, 89.55936507936508, 90.04698412698413, 90.53460317460318, 91.02222222222223, 91.50984126984127, 91.99746031746032, 92.48507936507937, 92.9726984126984, 93.43709750566893, 93.92471655328798, 94.41233560090703, 94.89995464852608, 95.38757369614513, 95.85197278911565, 96.3395918367347, 96.82721088435375, 97.3148299319728, 97.80244897959183, 98.26684807256235, 98.7544671201814, 99.24208616780045, 99.7297052154195, 100.21732426303855, 100.7049433106576, 101.19256235827665, 101.65696145124717, 102.14458049886622, 102.63219954648527, 103.1198185941043, 103.60743764172335, 104.0950566893424, 104.58267573696145, 105.0702947845805, 105.55791383219955, 106.0455328798186, 106.53315192743764, 106.99755102040817, 107.48517006802722, 107.97278911564626, 108.43718820861677, 108.92480725623582, 109.41242630385487, 109.90004535147392, 110.38766439909297, 110.8520634920635, 111.33968253968254, 111.82730158730159, 112.31492063492064, 112.80253968253969, 113.29015873015874, 113.75455782312925, 114.2421768707483, 114.72979591836734, 115.19419501133787, 115.65859410430839, 116.07655328798187, 116.54095238095238, 117.02857142857142, 117.51619047619047, 118.00380952380952, 118.49142857142857, 118.97904761904762, 119.46666666666667, 119.95428571428572, 120.41868480725624, 120.90630385487529, 121.39392290249432, 121.88154195011337, 122.36916099773242, 122.94965986394558, 123.43727891156463, 123.92489795918367, 124.41251700680272, 124.90013605442176, 125.36453514739229, 125.85215419501134, 126.33977324263039, 126.82739229024943, 127.31501133786848, 127.80263038548753, 128.29024943310657, 128.7546485260771, 129.24226757369615, 129.7298866213152, 130.21750566893425, 130.70512471655329, 131.1695238095238, 131.65714285714284, 132.1447619047619, 132.63238095238094, 133.12, 133.60761904761904, 134.0952380952381, 134.55963718820863, 135.04725623582766, 135.53487528344672, 136.02249433106576, 136.51011337868482, 136.99773242630386, 137.4853514739229, 137.97297052154195, 138.43736961451248], "other_tempo": 123.046875,