{"file": "21. \u30bf\u3099\u30f3\u30b9.wav", "drum_tempo": 107.666015625, "drum_beats": [0.06965986394557823, 0.626938775510204, 1.18421768707483, 1.7414965986394557, 2.3219954648526078, 2.8792743764172335, 3.436553287981859, 3.9938321995464854, 4.551111111111111, 5.131609977324263, 5.688888888888889, 6.246167800453515, 6.8034467120181406, 7.383945578231293, 7.9412244897959186, 8.498503401360544, 9.05578231292517, 9.613061224489796, 10.193560090702947, 10.750839002267574, 11.3081179138322, 11.865396825396825, 12.445895691609977, 13.003174603174603, 13.56045351473923, 14.117732426303855, 14.698231292517006, 15.255510204081633, 15.81278911564626, 16.370068027210884, 16.92734693877551, 17.507845804988662, 18.06512471655329, 18.622403628117915, 19.202902494331067, 19.736961451247165, 20.317460317460316, 20.874739229024943, 21.455238095238094, 22.01251700680272, 22.569795918367348, 23.127074829931974, 23.684353741496597, 24.241632653061224, 24.822131519274375, 25.379410430839002, 25.93668934240363, 26.51718820861678, 27.074467120181406, 27.631746031746033, 28.189024943310656, 28.746303854875283, 29.326802721088434, 29.88408163265306, 30.441360544217687, 31.02185941043084, 31.579138321995465, 32.13641723356009, 32.69369614512472, 33.25097505668934, 33.80825396825397, 34.38875283446712, 34.94603174603174, 35.50331065759637, 36.060589569160996, 36.617868480725626, 37.17514739229025, 37.73242630385487, 38.2897052154195, 38.77732426303855, 39.288163265306125, 39.7990022675737, 40.379501133786846, 40.936780045351476, 41.4940589569161, 42.05133786848072, 42.60861678004535, 43.165895691609975, 43.74639455782313, 44.30367346938775, 44.860952380952384, 45.348571428571425, 45.81297052154195, 46.439909297052154, 46.95074829931973, 47.50802721088435, 48.06530612244898, 48.6225850340136, 49.179863945578234, 49.73714285714286, 50.29442176870748, 50.80526077097505, 51.2928798185941, 51.803718820861675, 52.360997732426306, 52.91827664399093, 53.498775510204084, 54.05605442176871, 54.61333333333334, 55.17061224489796, 55.75111111111111, 56.30839002267574, 56.86566893424036, 57.42294784580499, 57.933786848072565, 58.44462585034014, 58.93224489795919, 59.48952380952381, 60.04680272108843, 60.60408163265306, 61.161360544217686, 61.74185941043084, 62.299138321995464, 62.80997732426304, 63.297596371882086, 63.80843537414966, 64.38893424036281, 64.92299319727891, 65.50349206349206, 66.06077097505668, 66.61804988662132, 67.17532879818594, 67.75582766439909, 68.28988662131519, 68.82394557823129, 69.33478458049886, 69.82240362811791, 70.4261224489796, 70.93696145124717, 71.56390022675737, 72.07473922902494, 72.60879818594104, 73.16607709750566, 73.74657596371883, 74.30385487528345, 74.86113378684807, 75.3255328798186, 75.81315192743764, 76.37043083900227, 76.92770975056689, 77.50820861678004, 78.04226757369615, 78.59954648526077, 79.1568253968254, 79.73732426303854, 80.29460317460317, 80.87510204081633, 81.43238095238095, 82.0128798185941, 82.57015873015872, 83.12743764172336, 83.68471655328798, 84.24199546485261, 84.82249433106576, 85.37977324263039, 85.93705215419502, 86.49433106575964, 87.07482993197279, 87.63210884353741, 88.18938775510205, 88.74666666666667, 89.32716553287982, 89.88444444444444, 90.44172335600906, 90.9990022675737, 91.57950113378685, 92.13678004535147, 92.6940589569161, 93.25133786848073, 93.80861678004536, 94.36589569160998, 94.94639455782313, 95.50367346938775, 96.06095238095239, 96.61823129251701, 97.17551020408163, 97.73278911564626, 98.29006802721088, 98.77768707482993, 99.2885260770975, 99.79936507936507, 100.35664399092971, 100.91392290249433, 101.49442176870748, 102.0517006802721, 102.60897959183673, 103.18947845804989, 103.9092970521542, 104.48979591836735, 105.04707482993197, 105.6043537414966, 106.18485260770976, 106.74213151927438, 107.299410430839, 107.8334693877551, 108.32108843537415, 108.8087074829932, 109.36598639455782, 109.92326530612245, 110.50376417233561, 111.06104308390023, 111.61832199546485, 112.17560090702948, 112.7328798185941, 113.31337868480726, 114.0564172335601, 114.61369614512472, 115.17097505668934, 115.75147392290249, 116.30875283446711, 116.86603174603175, 117.42331065759637, 117.93414965986395, 118.44498866213152, 118.9558276643991, 119.51310657596372, 120.04716553287982, 120.60444444444444, 121.16172335600908, 121.7190022675737, 122.27628117913832, 122.7871201814059, 123.29795918367347, 123.80879818594104, 124.36607709750567, 124.92335600907029, 125.50385487528345, 126.06113378684807, 126.6184126984127, 127.17569160997732, 127.89551020408163, 128.4992290249433, 129.05650793650793, 129.61378684807255, 130.1710657596372, 130.72834467120182, 131.28562358276645, 131.81968253968253, 132.3305215419501, 132.81814058956917, 133.3754195011338, 133.93269841269841, 134.51319727891158, 135.04725623582766, 135.62775510204082, 136.1618140589569, 136.74231292517007, 137.2995918367347, 138.04263038548754, 138.59990929705216, 139.1571882086168, 139.73768707482992, 140.29496598639454, 140.8754648526077, 141.43274376417233, 141.9435827664399, 142.45442176870748], "other_tempo": 107.666015625,