{"file": "23. Silo.wav", "drum_tempo": 129.19921875, "drum_beats": [29.094603174603176, 29.58222222222222, 30.046621315192745, 30.511020408163265, 30.975419501133786, 31.43981859410431, 31.927437641723355, 32.391836734693875, 32.8562358276644, 33.34385487528345, 33.80825396825397, 34.249433106575964, 34.71383219954649, 35.20145124716553, 35.66585034013605, 36.13024943310658, 36.594648526077094, 37.08226757369614, 37.54666666666667, 38.01106575963719, 38.47546485260771, 38.93986394557823, 39.42748299319728, 39.8918820861678, 40.35628117913832, 40.820680272108845, 41.28507936507936, 41.749478458049886, 42.21387755102041, 42.70149659863946, 43.1891156462585, 43.6302947845805, 44.09469387755102, 44.582312925170065, 45.04671201814059, 45.48789115646259, 45.97551020408163, 46.439909297052154, 46.9275283446712, 47.391927437641726, 47.85632653061224, 48.34394557823129, 48.808344671201816, 49.24952380952381, 49.71392290249433, 50.20154195011338, 50.6659410430839, 51.13034013605442, 51.594739229024945, 52.082358276643994, 52.54675736961451, 53.011156462585035, 53.47555555555556, 53.939954648526076, 54.427573696145124, 54.89197278911565, 55.356371882086165, 55.843990929705214, 56.30839002267574, 56.74956916099773, 57.213968253968254, 57.67836734693878, 58.096326530612245, 58.51428571428571, 58.909024943310655, 59.350204081632654, 59.81460317460318, 60.25578231292517, 60.69696145124716, 61.13814058956916, 61.57931972789115, 62.02049886621315, 62.48489795918368, 62.94929705215419, 63.41369614512472, 63.87809523809524, 64.34249433106577, 64.80689342403628, 65.2712925170068, 65.73569160997732, 66.20009070294785, 66.66448979591837, 67.1288888888889, 67.5932879818594, 68.05768707482993, 68.52208616780045, 68.98648526077098, 69.4508843537415, 69.91528344671202, 70.37968253968253, 70.84408163265306, 71.30848072562358, 71.7728798185941, 72.23727891156463, 72.70167800453515, 73.16607709750566, 73.63047619047619, 74.09487528344671, 74.58249433106576, 75.04689342403628, 75.51129251700681, 75.97569160997732, 76.44009070294784, 76.90448979591837, 77.39210884353741, 77.85650793650794, 78.34412698412699, 78.80852607709751, 79.2497052154195, 79.71410430839002, 80.20172335600907, 80.66612244897959, 81.13052154195012, 81.59492063492064, 82.08253968253969, 82.5469387755102, 83.01133786848072, 83.47573696145125, 83.9633560090703, 84.42775510204082, 84.89215419501134, 85.35655328798185, 85.82095238095238, 86.30857142857143, 86.74975056689343, 87.23736961451247, 87.701768707483, 88.16616780045351, 88.63056689342403, 89.09496598639456, 89.5825850340136, 90.04698412698413, 90.48816326530613, 90.97578231292518, 91.44018140589569, 91.92780045351473, 92.39219954648526, 92.85659863945578, 93.34421768707483, 93.80861678004536, 94.24979591836734, 94.71419501133786, 95.20181405895691, 95.66621315192744, 96.13061224489796, 96.59501133786848, 97.08263038548753, 97.54702947845804, 98.01142857142857, 98.47582766439909, 98.94022675736962, 99.40462585034014, 99.89224489795919, 100.35664399092971, 100.82104308390022, 101.28544217687075, 101.74984126984127, 102.2142403628118, 102.67863945578232, 103.09659863945578, 103.60743764172335, 104.0950566893424, 104.55945578231292, 105.02385487528345, 105.48825396825397, 105.9526530612245, 106.417052154195, 106.88145124716553, 107.34585034013605, 107.81024943310658, 108.2746485260771, 108.73904761904762, 109.20344671201813, 109.66784580498866, 110.13224489795918, 110.5966439909297, 111.06104308390023, 111.52544217687075, 111.98984126984126, 112.45424036281179, 112.91863945578231, 113.38303854875284, 113.84743764172336, 114.31183673469388, 114.7762358276644, 115.24063492063492, 115.70503401360544, 116.19265306122449, 116.68027210884354, 117.16789115646259, 117.65551020408164, 118.14312925170069, 118.63074829931973, 119.11836734693877, 119.58276643990929, 120.04716553287982, 120.51156462585034, 120.97596371882086, 121.44036281179139, 121.92798185941044, 122.39238095238095, 122.85678004535147, 123.34439909297052, 123.80879818594104, 124.24997732426304, 124.71437641723357, 125.2019954648526, 125.66639455782312, 126.13079365079365, 126.59519274376417, 127.08281179138322, 127.54721088435375, 127.98839002267573, 128.4760090702948, 128.94040816326532, 129.40480725623584, 129.86920634920634, 130.33360544217686, 130.75156462585034, 131.21596371882086, 131.72680272108843, 132.2144217687075, 132.70204081632653, 133.16643990929705, 133.63083900226758, 134.0952380952381, 134.58285714285714, 135.04725623582766, 135.48843537414967, 135.9760544217687, 136.44045351473923, 136.92807256235827, 137.3924716553288, 137.85687074829931, 138.34448979591838, 138.8088888888889, 139.2500680272109, 139.7144671201814, 140.20208616780045, 140.66648526077097, 141.1308843537415, 141.61850340136056, 142.08290249433108, 142.54730158730158, 143.0117006802721, 143.47609977324262, 143.94049886621315, 144.4281179138322, 144.89251700680273, 145.35691609977323, 145.8445351473923, 146.30893424036282, 146.7501133786848, 147.21451247165533, 147.67891156462585], "other_tempo": 129.19921875,