{"file": "24. Wrong Way.wav", "drum_tempo": 123.046875, "drum_beats": [23.289614512471655, 23.777233560090703, 24.264852607709752, 24.752471655328797, 25.21687074829932, 25.704489795918366, 26.192108843537415, 26.679727891156464, 27.16734693877551, 27.654965986394558, 28.142585034013607, 28.606984126984127, 29.094603174603176, 29.58222222222222, 30.06984126984127, 30.55746031746032, 31.045079365079363, 31.532698412698412, 32.02031746031746, 32.48471655328798, 32.97233560090703, 33.45995464852608, 33.94757369614513, 34.411972789115644, 34.89959183673469, 35.38721088435374, 35.87482993197279, 36.36244897959184, 36.85006802721088, 37.33768707482993, 37.82530612244898, 38.2897052154195, 38.77732426303855, 39.2649433106576, 39.75256235827664, 40.24018140589569, 40.704580498866214, 41.19219954648526, 41.67981859410431, 42.16743764172335, 42.6550566893424, 43.14267573696145, 43.6302947845805, 44.09469387755102, 44.582312925170065, 45.069931972789114, 45.55755102040816, 46.04517006802721, 46.509569160997735, 46.99718820861678, 47.484807256235825, 47.94920634920635, 48.41360544217687, 48.92444444444445, 49.412063492063496, 49.89968253968254, 50.387301587301586, 50.85170068027211, 51.33931972789116, 51.82693877551021, 52.291337868480724, 52.77895691609977, 53.289795918367346, 53.777414965986395, 54.24181405895692, 54.72943310657596, 55.21705215419501, 55.70467120181406, 56.16907029478458, 56.65668934240363, 57.14430839002267, 57.63192743764172, 58.11954648526077, 58.60716553287982, 59.09478458049887, 59.582403628117916, 60.070022675736965, 60.53442176870748, 61.02204081632653, 61.50965986394558, 61.99727891156463, 62.461678004535145, 62.94929705215419, 63.43691609977324, 63.901315192743766, 64.41215419501134, 64.89977324263039, 65.38739229024944, 65.85179138321996, 66.339410430839, 66.82702947845804, 67.3146485260771, 67.77904761904762, 68.26666666666667, 68.77750566893424, 69.24190476190476, 69.72952380952381, 70.21714285714286, 70.70476190476191, 71.19238095238096, 71.65678004535147, 72.16761904761904, 72.63201814058957, 73.11963718820861, 73.60725623582766, 74.09487528344671, 74.58249433106576, 75.04689342403628, 75.53451247165533, 76.02213151927438, 76.50975056689343, 76.99736961451246, 77.48498866213151, 77.97260770975056, 78.46022675736961, 78.94784580498866, 79.43546485260771, 79.92308390022676, 80.38748299319728, 80.87510204081633, 81.36272108843538, 81.85034013605443, 82.33795918367348, 82.80235827664399, 83.28997732426303, 83.77759637188208, 84.26521541950113, 84.75283446712018, 85.2172335600907, 85.72807256235828, 86.21569160997733, 86.68009070294785, 87.1677097505669, 87.65532879818593, 88.14294784580498, 88.6073469387755, 89.09496598639456, 89.5825850340136, 90.07020408163265, 90.53460317460318, 91.02222222222223, 91.50984126984127, 91.99746031746032, 92.48507936507937, 92.9726984126984, 93.46031746031746, 93.9479365079365, 94.41233560090703, 94.89995464852608, 95.41079365079365, 95.8984126984127, 96.36281179138322, 96.85043083900227, 97.33804988662132, 97.82566893424037, 98.29006802721088, 98.77768707482993, 99.26530612244898, 99.75292517006802, 100.21732426303855, 100.7049433106576, 101.19256235827665, 101.65696145124717, 102.14458049886622, 102.60897959183673, 103.09659863945578, 103.60743764172335, 104.0950566893424, 104.58267573696145, 105.04707482993197, 105.53469387755102, 106.02231292517007, 106.4867120181406, 106.99755102040817, 107.48517006802722, 107.94956916099773, 108.43718820861677, 108.92480725623582, 109.41242630385487, 109.90004535147392, 110.36444444444444, 110.8520634920635, 111.33968253968254, 111.82730158730159, 112.31492063492064, 112.80253968253969, 113.29015873015874, 113.75455782312925, 114.2421768707483, 114.72979591836734, 115.21741496598639, 115.70503401360544, 116.19265306122449, 116.68027210884354, 117.16789115646259, 117.63229024943311, 118.11990929705216, 118.6075283446712, 119.09514739229024, 119.58276643990929, 120.04716553287982, 120.53478458049887, 121.02240362811791, 121.51002267573696, 121.97442176870749, 122.46204081632654, 122.94965986394558, 123.43727891156463, 123.92489795918367, 124.41251700680272, 124.90013605442176, 125.38775510204081, 125.85215419501134, 126.33977324263039, 126.82739229024943, 127.31501133786848, 127.80263038548753, 128.29024943310657, 128.7546485260771, 129.24226757369615, 129.7298866213152, 130.21750566893425, 130.70512471655329], "other_tempo": 161.4990234375,