{"file": "25. Free Cells.wav", "drum_tempo": 123.046875, "drum_beats": [0.5340589569160997, 1.0216780045351475, 1.509297052154195, 1.9969160997732427, 2.48453514739229, 2.948934240362812, 3.436553287981859, 3.924172335600907, 4.4117913832199545, 4.899410430839002, 5.38702947845805, 5.851428571428571, 6.339047619047619, 6.826666666666667, 7.314285714285714, 7.801904761904762, 8.289523809523809, 8.753922902494331, 9.241541950113378, 9.729160997732427, 10.216780045351474, 10.704399092970522, 11.19201814058957, 11.656417233560092, 12.144036281179138, 12.631655328798185, 13.119274376417234, 13.606893424036281, 14.094512471655328, 14.55891156462585, 15.046530612244897, 15.534149659863946, 16.021768707482995, 16.50938775510204, 16.99700680272109, 17.484625850340137, 17.949024943310658, 18.436643990929706, 18.92426303854875, 19.4118820861678, 19.89950113378685, 20.36390022675737, 20.851519274376418, 21.339138321995463, 21.826757369614512, 22.31437641723356, 22.801995464852606, 23.289614512471655, 23.777233560090703, 24.241632653061224, 24.729251700680273, 25.21687074829932, 25.704489795918366, 26.192108843537415, 26.679727891156464, 27.16734693877551, 27.654965986394558, 28.11936507936508, 28.606984126984127, 29.094603174603176, 29.559002267573696, 30.023401360544216, 30.511020408163265, 30.998639455782314, 31.48625850340136, 31.973877551020408, 32.46149659863946, 32.949115646258505, 33.436734693877554, 33.924353741496596, 34.411972789115644, 34.87637188208617, 35.36399092970522, 35.851609977324266, 36.33922902494331, 36.826848072562356, 37.314467120181405, 37.77886621315193, 38.26648526077098, 38.75410430839002, 39.24172335600907, 39.72934240362812, 40.216961451247165, 40.704580498866214, 41.16897959183674, 41.65659863945578, 42.14421768707483, 42.60861678004535, 43.119455782312926, 43.58385487528345, 44.07147392290249, 44.55909297052154, 45.04671201814059, 45.53433106575964, 45.99873015873016, 46.4863492063492, 46.97396825396825, 47.4615873015873, 47.94920634920635, 48.4368253968254, 48.92444444444445, 49.412063492063496, 49.89968253968254, 50.36408163265306, 50.85170068027211, 51.33931972789116, 51.82693877551021, 52.31455782312925, 52.77895691609977, 53.26657596371882, 53.75419501133787, 54.24181405895692, 54.72943310657596, 55.193832199546485, 55.70467120181406, 56.16907029478458, 56.65668934240363, 57.14430839002267, 57.63192743764172, 58.11954648526077, 58.60716553287982, 59.07156462585034, 59.559183673469384, 60.04680272108843, 60.53442176870748, 60.998820861678006, 61.486439909297054, 61.9740589569161, 62.461678004535145, 62.94929705215419, 63.43691609977324, 63.92453514739229, 64.41215419501134, 64.89977324263039, 65.38739229024944, 65.85179138321996, 66.339410430839, 66.82702947845804, 67.3146485260771, 67.80226757369614, 68.28988662131519, 68.75428571428571, 69.24190476190476, 69.72952380952381, 70.21714285714286, 70.70476190476191, 71.19238095238096, 71.68, 72.14439909297052, 72.63201814058957, 73.11963718820861, 73.60725623582766, 74.09487528344671, 74.58249433106576, 75.07011337868481, 75.53451247165533, 75.99891156462586, 76.46331065759637, 76.95092970521542, 77.43854875283446, 77.94938775510204, 78.43700680272109, 78.92462585034014, 79.41224489795918, 79.89986394557823, 80.36426303854876, 80.8518820861678, 81.33950113378685, 81.8271201814059, 82.29151927437641, 82.77913832199546, 83.22031746031746, 83.75437641723356, 84.24199546485261, 84.72961451247166, 85.2172335600907, 85.68163265306123, 86.16925170068028, 86.65687074829933, 87.14448979591836, 87.63210884353741, 88.09650793650793, 88.58412698412698, 89.07174603174603, 89.55936507936508, 90.04698412698413, 90.53460317460318, 91.02222222222223, 91.50984126984127, 91.9742403628118, 92.46185941043083, 92.94947845804988, 93.43709750566893, 93.92471655328798, 94.41233560090703, 94.87673469387755, 95.3643537414966, 95.85197278911565, 96.3395918367347, 96.80399092970522, 97.3148299319728, 97.7792290249433, 98.26684807256235, 98.7544671201814, 99.24208616780045, 99.7297052154195, 100.19410430839002, 100.68172335600907, 101.16934240362812, 101.65696145124717, 102.14458049886622, 102.63219954648527, 103.1198185941043, 103.58421768707483, 104.07183673469387, 104.55945578231292, 105.04707482993197, 105.53469387755102, 106.02231292517007, 106.50993197278912, 106.97433106575964, 107.46195011337869, 107.94956916099773, 108.43718820861677, 108.92480725623582, 109.41242630385487, 109.90004535147392, 110.38766439909297, 110.8520634920635, 111.33968253968254, 111.82730158730159, 112.31492063492064, 112.80253968253969, 113.29015873015874, 113.75455782312925, 114.2421768707483, 114.72979591836734, 115.21741496598639, 115.70503401360544, 116.19265306122449, 116.65705215419501, 117.14467120181406, 117.63229024943311, 118.11990929705216, 118.6075283446712, 119.09514739229024, 119.58276643990929, 120.07038548752834, 120.55800453514739, 121.02240362811791, 121.51002267573696, 121.99764172335601, 122.46204081632654, 122.92643990929706, 123.4140589569161, 123.90167800453514, 124.38929705215419, 124.87691609977324, 125.36453514739229, 125.85215419501134, 126.33977324263039, 126.80417233560091, 127.29179138321996, 127.77941043083901, 128.26702947845806, 128.7546485260771, 129.24226757369615, 129.7298866213152, 130.21750566893425, 130.68190476190478, 131.1695238095238, 131.65714285714284, 132.1447619047619, 132.60916099773243, 133.12, 133.58439909297053, 134.07201814058956, 134.55963718820863, 135.04725623582766, 135.53487528344672, 136.02249433106576, 136.48689342403628, 136.97451247165532, 137.46213151927438, 137.9497505668934, 138.43736961451248, 138.9249886621315, 139.38938775510204, 139.8770068027211, 140.36462585034013, 140.8522448979592, 141.33986394557823, 141.82748299319726, 142.2918820861678, 142.77950113378685, 143.2671201814059, 143.75473922902495, 144.24235827664398, 144.72997732426305, 145.21759637188208, 145.70521541950114, 146.16961451247167, 146.6572335600907, 147.14485260770974, 147.6324716553288, 148.09687074829932, 148.6077097505669, 149.09532879818593, 149.55972789115646, 150.04734693877552, 150.53496598639455, 151.02258503401362, 151.51020408163265, 151.97460317460317, 152.4622222222222, 152.94984126984127, 153.4374603174603, 153.92507936507937], "other_tempo": 123.046875,