{"file": "3. Pardon Me.wav", "drum_tempo": 129.19921875, "drum_beats": [0.06965986394557823, 0.5108390022675737, 0.9752380952380952, 1.4396371882086167, 1.9040362811791383, 2.345215419501134, 2.809614512471655, 3.297233560090703, 3.7384126984126986, 4.20281179138322, 4.667210884353741, 5.131609977324263, 5.596009070294785, 6.060408163265306, 6.524807256235827, 6.989206349206349, 7.430385487528345, 7.894784580498866, 8.359183673469389, 8.823582766439909, 9.287981859410431, 9.752380952380953, 10.216780045351474, 10.681179138321996, 11.145578231292516, 11.609977324263038, 12.07437641723356, 12.538775510204081, 12.979954648526077, 13.444353741496599, 13.908752834467121, 14.373151927437641, 14.837551020408164, 15.27873015873016, 15.719909297052155, 16.184308390022675, 16.648707482993196, 17.11310657596372, 17.57750566893424, 18.04190476190476, 18.506303854875284, 18.970702947845805, 19.435102040816325, 19.922721088435374, 20.410340136054423, 20.82829931972789, 21.269478458049885, 21.757097505668934, 22.221496598639455, 22.66267573696145, 23.127074829931974, 23.637913832199548, 24.102312925170068, 24.52027210884354, 24.961451247165535, 25.44907029478458, 25.890249433106575, 26.354648526077096, 26.81904761904762, 27.329886621315193, 27.794285714285714, 28.212244897959184, 28.65342403628118, 29.141043083900225, 29.60544217687075, 30.046621315192745, 30.511020408163265, 30.998639455782314, 31.48625850340136, 31.90421768707483, 32.345396825396826, 32.833015873015874, 33.274195011337866, 33.73859410430839, 34.202993197278914, 34.690612244897956, 35.178231292517005, 35.59619047619048, 36.03736961451247, 36.52498866213152, 36.989387755102044, 37.430566893424036, 37.89496598639456, 38.38258503401361, 38.87020408163265, 39.288163265306125, 39.72934240362812, 40.216961451247165, 40.658140589569165, 41.12253968253968, 41.586938775510205, 42.074557823129254, 42.5621768707483, 42.98013605442177, 43.42131519274376, 43.90893424036281, 44.373333333333335, 44.83773242630385, 45.27891156462585, 45.743310657596375, 46.20770975056689, 46.672108843537416, 47.13650793650794, 47.600907029478456, 48.042086167800456, 48.50648526077097, 48.970884353741496, 49.43528344671202, 49.89968253968254, 50.36408163265306, 50.828480725623585, 51.2928798185941, 51.757278911564626, 52.22167800453515, 52.66285714285714, 53.127256235827666, 53.59165532879818, 54.05605442176871, 54.52045351473923, 54.98485260770975, 55.44925170068027, 55.913650793650795, 56.37804988662131, 56.842448979591836, 57.283628117913835, 57.74802721088435, 58.212426303854876, 58.6768253968254, 59.14122448979592, 59.582403628117916, 60.04680272108843, 60.53442176870748, 61.02204081632653, 61.44, 61.881179138322, 62.368798185941046, 62.80997732426304, 63.27437641723356, 63.73877551020408, 64.22639455782313, 64.71401360544218, 65.13197278911565, 65.57315192743764, 66.06077097505668, 66.52517006802721, 66.96634920634921, 67.43074829931973, 67.89514739229026, 68.35954648526076, 68.82394557823129, 69.26512471655329, 69.75274376417234, 70.19392290249434, 70.65832199546485, 71.12272108843537, 71.61034013605442, 72.09795918367347, 72.51591836734694, 72.95709750566894, 73.44471655328798, 73.9091156462585, 74.3502947845805, 74.81469387755102, 75.27909297052155, 75.74349206349207, 76.20789115646258, 76.64907029478458, 77.13668934240363, 77.57786848072563, 78.04226757369615, 78.50666666666666, 78.99428571428571, 79.48190476190476, 79.89986394557823, 80.34104308390023, 80.82866213151928, 81.29306122448979, 81.73424036281179, 82.19863945578231, 82.68625850340136, 83.17387755102041, 83.59183673469387, 84.03301587301587, 84.52063492063492, 84.96181405895692, 85.42621315192744, 85.89061224489797, 86.378231292517, 86.86585034013605, 87.28380952380952, 87.72498866213152, 88.21260770975057, 88.6770068027211, 89.1414058956916, 89.5825850340136, 90.04698412698413, 90.53460317460318, 90.97578231292518, 91.44018140589569, 91.90458049886621, 92.36897959183673, 92.81015873015873, 93.27455782312926, 93.73895691609977, 94.22657596371882, 94.66775510204081, 95.13215419501134, 95.59655328798186, 96.06095238095239, 96.5253514739229, 96.98975056689342, 97.45414965986394, 97.91854875283447, 98.35972789115647, 98.82412698412699, 99.2885260770975, 99.75292517006802, 100.21732426303855, 100.68172335600907, 101.1461224489796, 101.6105215419501, 102.07492063492063, 102.53931972789115, 103.00371882086168, 103.44489795918368, 103.88607709750566, 104.35047619047619, 104.81487528344671, 105.27927437641723, 105.74367346938776, 106.20807256235828, 106.67247165532879, 107.11365079365079, 107.57804988662132, 108.04244897959184, 108.53006802721089, 109.01768707482994, 109.4356462585034, 109.8768253968254, 110.36444444444444, 110.82884353741497, 111.27002267573697, 111.73442176870748, 112.22204081632653, 112.70965986394557, 113.12761904761905, 113.56879818594105, 114.0564172335601, 114.49759637188208, 114.9619954648526, 115.42639455782313, 115.89079365079365, 116.35519274376418, 116.81959183673469, 117.26077097505669, 117.74839002267574, 118.18956916099773, 118.65396825396826, 119.11836734693877, 119.58276643990929, 120.04716553287982, 120.51156462585034, 120.95274376417234, 121.44036281179139, 121.88154195011337, 122.3459410430839, 122.81034013605442, 123.29795918367347, 123.762358276644, 124.203537414966, 124.64471655328798, 125.13233560090703, 125.59673469387755, 126.03791383219955, 126.50231292517007, 126.98993197278912, 127.45433106575963, 127.89551020408163, 128.33668934240362, 128.82430839002268, 129.26548752834466, 129.7298866213152, 130.1942857142857, 130.70512471655329, 131.1695238095238, 131.58748299319728, 132.02866213151927], "other_tempo": 129.19921875,