{"file": "4. Nimbus.wav", "drum_tempo": 99.38401442307692, "drum_beats": [0.626938775510204, 1.230657596371882, 1.8343764172335602, 2.4380952380952383, 3.0418140589569163, 3.622312925170068, 4.2260317460317465, 4.829750566893424, 5.433469387755102, 6.03718820861678, 6.640907029478458, 7.22140589569161, 7.825124716553288, 8.428843537414966, 9.032562358276644, 9.636281179138322, 10.24, 10.820498866213152, 11.42421768707483, 12.027936507936507, 12.631655328798185, 13.235374149659863, 13.839092970521541, 14.44281179138322, 15.046530612244897, 15.650249433106575, 16.253968253968253, 16.857687074829933, 17.46140589569161, 18.06512471655329, 18.668843537414965, 19.249342403628116, 19.853061224489796, 20.456780045351476, 21.060498866213152, 21.640997732426303, 22.244716553287983, 22.84843537414966, 23.45215419501134, 24.055873015873015, 24.659591836734695, 25.26331065759637, 25.843809523809522, 26.447528344671202, 27.051247165532878, 27.654965986394558, 28.258684807256238, 28.83918367346939, 29.442902494331065, 30.046621315192745, 30.65034013605442, 31.2540589569161, 31.857777777777777, 32.46149659863946, 33.041995464852604, 33.645714285714284, 34.249433106575964, 34.853151927437644, 35.456870748299316, 36.03736961451247, 36.64108843537415, 37.268027210884355, 37.8485260770975, 38.45224489795918, 39.05596371882086, 39.65968253968254, 40.24018140589569, 40.84390022675737, 41.44761904761905, 42.05133786848072, 42.6550566893424, 43.25877551020408, 43.83927437641724, 44.46621315192744, 45.04671201814059, 45.65043083900227, 46.25414965986395, 46.85786848072562, 47.4615873015873, 48.042086167800456, 48.64580498866213, 49.24952380952381, 49.85324263038549, 50.45696145124717, 51.06068027210885, 51.66439909297052, 52.244897959183675, 52.848616780045354, 53.45233560090703, 54.05605442176871, 54.659773242630386, 55.240272108843534, 55.843990929705214, 56.447709750566894, 57.05142857142857, 57.63192743764172, 58.2356462585034, 58.816145124716556, 59.41986394557823, 60.02358276643991, 60.62730158730159, 61.23102040816327, 61.83473922902494, 62.43845804988662, 63.0421768707483, 63.64589569160998, 64.24961451247165, 64.85333333333334, 65.45705215419501, 66.06077097505668, 66.66448979591837, 67.24498866213152, 67.84870748299319, 68.45242630385488, 69.03292517006803, 69.6366439909297, 70.24036281179139, 70.86730158730158, 71.44780045351474, 72.05151927437642, 72.65523809523809, 73.25895691609978, 73.83945578231292, 74.4431746031746, 75.04689342403628, 75.65061224489796, 76.25433106575964, 76.85804988662132, 77.46176870748299, 78.06548752834468, 78.64598639455782, 79.2497052154195, 79.85342403628118, 80.45714285714286, 81.06086167800453, 81.64136054421769, 82.24507936507936, 82.84879818594105, 83.45251700680272, 84.0562358276644, 84.65995464852608, 85.26367346938775, 85.8441723356009, 86.44789115646259, 87.05160997732426, 87.65532879818593, 88.25904761904762, 88.83954648526077, 89.44326530612246, 90.04698412698413, 90.6507029478458, 91.25442176870749, 91.85814058956916, 92.46185941043083, 93.06557823129252, 93.64607709750567, 94.24979591836734, 94.85351473922903, 95.4572335600907, 96.03773242630386, 96.64145124716553, 97.2451700680272, 97.8488888888889, 98.45260770975057, 99.05632653061224, 99.66004535147393, 100.24054421768707, 100.84426303854875, 101.44798185941043, 102.0517006802721, 102.65541950113379, 103.25913832199547, 103.86285714285714, 104.46657596371882, 105.04707482993197, 105.62757369614512, 106.2312925170068, 106.83501133786848, 107.43873015873015, 108.04244897959184, 108.64616780045351, 109.22666666666667, 109.83038548752835, 110.45732426303854, 111.0378231292517, 111.64154195011338, 112.24526077097505, 112.84897959183674, 113.45269841269841, 114.0564172335601, 114.66013605442177, 115.26385487528344, 115.8443537414966, 116.44807256235828, 117.05179138321995, 117.65551020408164, 118.25922902494331, 118.83972789115646, 119.44344671201814, 120.04716553287982, 120.6508843537415, 121.25460317460318, 121.83510204081632, 122.43882086167801, 123.04253968253968, 123.64625850340136, 124.24997732426304, 124.85369614512472, 125.45741496598639, 126.06113378684807, 126.64163265306122, 127.24535147392291, 127.84907029478458, 128.45278911564625, 129.05650793650793, 129.6370068027211, 130.24072562358276, 130.86766439909297, 131.44816326530614, 132.0518820861678, 132.65560090702948, 133.25931972789115, 133.86303854875283, 134.443537414966, 135.04725623582766, 135.65097505668933, 136.25469387755103, 136.8584126984127, 137.46213151927438, 138.06585034013605, 138.6463492063492, 139.2500680272109, 139.85378684807256, 140.45750566893423, 141.0612244897959, 141.64172335600907, 142.24544217687074, 142.84916099773244, 143.4528798185941, 144.05659863945579, 144.66031746031746, 145.26403628117913, 145.8445351473923, 146.44825396825397, 147.05197278911564, 147.6556916099773, 148.259410430839, 148.83990929705215, 149.44362811791385, 150.04734693877552, 150.6510657596372, 151.25478458049886, 151.85850340136054, 152.4622222222222], "other_tempo": 66.25600961538461,