{"file": "5. Cold Disco.wav", "drum_tempo": 99.38401442307692, "drum_beats": [0.06965986394557823, 0.6501587301587302, 1.230657596371882, 1.8343764172335602, 2.4380952380952383, 3.0418140589569163, 3.645532879818594, 4.249251700680272, 4.85297052154195, 5.456689342403628, 6.03718820861678, 6.640907029478458, 7.244625850340136, 7.848344671201814, 8.452063492063493, 9.05578231292517, 9.659501133786849, 10.263219954648527, 10.866938775510205, 11.470657596371883, 12.07437641723356, 12.654875283446712, 13.25859410430839, 13.862312925170068, 14.466031746031746, 15.046530612244897, 15.650249433106575, 16.253968253968253, 16.857687074829933, 17.46140589569161, 18.06512471655329, 18.668843537414965, 19.272562358276645, 19.853061224489796, 20.456780045351476, 21.060498866213152, 21.66421768707483, 22.244716553287983, 22.84843537414966, 23.45215419501134, 24.055873015873015, 24.659591836734695, 25.240090702947846, 25.843809523809522, 26.447528344671202, 27.051247165532878, 27.654965986394558, 28.258684807256238, 28.862403628117914, 29.442902494331065, 30.06984126984127, 30.65034013605442, 31.2540589569161, 31.857777777777777, 32.46149659863946, 33.065215419501136, 33.645714285714284, 34.249433106575964, 34.853151927437644, 35.456870748299316, 36.060589569160996, 36.664308390022676, 37.24480725623583, 37.8485260770975, 38.45224489795918, 39.05596371882086, 39.65968253968254, 40.24018140589569, 40.84390022675737, 41.44761904761905, 42.05133786848072, 42.6550566893424, 43.25877551020408, 43.83927437641724, 44.44299319727891, 45.04671201814059, 45.65043083900227, 46.23092970521542, 46.834648526077096, 47.4615873015873, 48.06530612244898, 48.64580498866213, 49.24952380952381, 49.85324263038549, 50.45696145124717, 51.037460317460315, 51.66439909297052, 52.2681179138322, 52.848616780045354, 53.45233560090703, 54.05605442176871, 54.659773242630386, 55.263492063492066, 55.843990929705214, 56.447709750566894, 57.05142857142857, 57.655147392290246, 58.2356462585034, 58.83936507936508, 59.44308390022676, 60.04680272108843, 60.65052154195011, 61.25424036281179, 61.85795918367347, 62.461678004535145, 63.0421768707483, 63.64589569160998, 64.24961451247165, 64.85333333333334, 65.43383219954649, 66.06077097505668, 66.66448979591837, 67.26820861678004, 67.84870748299319, 68.45242630385488, 69.05614512471655, 69.65986394557824, 70.24036281179139, 70.84408163265306, 71.44780045351474, 72.05151927437642, 72.65523809523809, 73.25895691609978, 73.83945578231292, 74.4431746031746, 75.04689342403628, 75.65061224489796, 76.25433106575964, 76.85804988662132, 77.46176870748299, 78.04226757369615, 78.64598639455782, 79.2497052154195, 79.85342403628118, 80.45714285714286, 81.06086167800453, 81.64136054421769, 82.24507936507936, 82.84879818594105, 83.45251700680272, 84.0562358276644, 84.63673469387756, 85.24045351473923, 85.86739229024943, 86.44789115646259, 87.05160997732426, 87.65532879818593, 88.25904761904762, 88.83954648526077, 89.44326530612246, 90.04698412698413, 90.6507029478458, 91.25442176870749, 91.85814058956916, 92.43863945578231, 93.042358276644, 93.64607709750567, 94.22657596371882, 94.8302947845805, 95.4572335600907, 96.06095238095239, 96.64145124716553, 97.2451700680272, 97.8488888888889, 98.45260770975057, 99.05632653061224, 99.66004535147393, 100.2637641723356, 100.84426303854875, 101.44798185941043, 102.0517006802721, 102.65541950113379, 103.23591836734694, 103.83963718820861, 104.46657596371882, 105.0702947845805, 105.65079365079364, 106.25451247165533, 106.858231292517, 107.43873015873015, 108.04244897959184, 108.64616780045351, 109.2498866213152, 109.85360544217687, 110.45732426303854, 111.06104308390023, 111.6647619047619, 112.24526077097505, 112.84897959183674, 113.45269841269841, 114.0564172335601, 114.66013605442177, 115.26385487528344, 115.8443537414966, 116.44807256235828, 117.05179138321995, 117.65551020408164, 118.25922902494331, 118.86294784580498, 119.46666666666667, 120.04716553287982, 120.6508843537415, 121.25460317460318, 121.85832199546485, 122.46204081632654, 123.04253968253968, 123.64625850340136, 124.24997732426304, 124.85369614512472, 125.45741496598639, 126.06113378684807, 126.64163265306122, 127.24535147392291, 127.84907029478458, 128.45278911564625, 129.05650793650793, 129.66022675736963, 130.24072562358276, 130.84444444444443, 131.44816326530614, 132.0518820861678, 132.65560090702948, 133.25931972789115, 133.86303854875283, 134.4667573696145, 135.04725623582766, 135.65097505668933, 136.25469387755103, 136.8584126984127, 137.43891156462584, 138.06585034013605, 138.66956916099772, 139.2500680272109, 139.85378684807256, 140.45750566893423, 141.0380045351474, 141.64172335600907, 142.24544217687074, 142.84916099773244, 143.4528798185941, 144.05659863945579, 144.66031746031746, 145.26403628117913, 145.8445351473923, 146.44825396825397, 147.05197278911564, 147.6556916099773, 148.259410430839, 148.86312925170068, 149.44362811791385, 150.04734693877552, 150.6510657596372, 151.25478458049886], "other_tempo": 99.38401442307692,