{"file": "7. Revenge of the Simp.wav", "drum_tempo": 95.703125, "drum_beats": [12.654875283446712, 13.281814058956916, 13.931972789115646, 14.582131519274377, 15.255510204081633, 15.789569160997733, 16.39328798185941, 16.904126984126986, 17.438185941043084, 18.04190476190476, 18.575963718820862, 19.086802721088436, 19.71374149659864, 20.340680272108845, 20.94439909297052, 21.571337868480725, 22.19827664399093, 22.801995464852606, 23.45215419501134, 24.055873015873015, 24.68281179138322, 25.2865306122449, 25.913469387755104, 26.540408163265305, 27.16734693877551, 27.794285714285714, 28.398004535147393, 29.024943310657598, 29.6518820861678, 30.34848072562358, 31.068299319727892, 31.71845804988662, 32.3221768707483, 32.8562358276644, 33.41351473922902, 33.97079365079365, 34.57451247165533, 35.10857142857143, 35.64263038548753, 36.26956916099773, 36.89650793650794, 37.52344671201814, 38.12716553287982, 38.75410430839002, 39.3578231292517, 39.96154195011338, 40.58848072562358, 41.21541950113379, 41.72625850340136, 42.26031746031746, 42.887256235827664, 43.58385487528345, 44.30367346938775, 44.95383219954648, 45.55755102040816, 46.23092970521542, 46.88108843537415, 47.55446712018141, 48.204625850340136, 48.87800453514739, 49.48172335600907, 50.108662131519274, 50.73560090702948, 51.36253968253968, 51.98947845804989, 52.61641723356009, 53.22013605442177, 53.84707482993197, 54.45079365079365, 54.98485260770975, 55.51891156462585, 56.122630385487525, 56.842448979591836, 57.56226757369615, 58.18920634920635, 58.816145124716556, 59.48952380952381, 60.13968253968254, 60.81306122448979, 61.46321995464853, 62.11337868480726, 62.74031746031746, 63.36725623582767, 63.994195011337865, 64.59791383219955, 65.22485260770975, 65.82857142857142, 66.45551020408163, 67.08244897959183, 67.68616780045352, 68.22022675736962, 68.75428571428571, 69.35800453514739, 70.0778231292517, 70.79764172335601, 71.42458049886622, 72.05151927437642, 72.72489795918368, 73.3750566893424, 74.02521541950114, 74.67537414965986, 75.3255328798186, 75.97569160997732, 76.60263038548753, 77.22956916099773, 77.85650793650794, 78.48344671201814, 79.13360544217687, 79.80698412698413, 80.34104308390023, 80.96798185941043, 81.59492063492064, 82.29151927437641, 82.82557823129251, 83.4292970521542, 83.94013605442177, 84.47419501133787, 85.10113378684807, 85.72807256235828, 86.33179138321995, 86.93551020408164, 87.56244897959184, 88.18938775510205, 88.81632653061224, 89.42004535147392, 90.07020408163265, 90.69714285714285, 91.30086167800454, 91.90458049886621, 92.55473922902495, 93.2281179138322, 93.90149659863945, 94.55165532879819, 95.22503401360544, 95.85197278911565, 96.57179138321996, 97.29160997732426, 97.91854875283447, 98.54548752834467, 99.33496598639456, 99.96190476190476, 100.58884353741496, 101.21578231292517, 101.84272108843537, 102.46965986394558, 103.07337868480725, 103.70031746031746, 104.32725623582766, 104.95419501133787, 105.58113378684807, 106.18485260770976, 106.81179138321995, 107.41551020408163, 107.9263492063492, 108.4604081632653, 109.08734693877551, 109.80716553287982, 110.52698412698413, 111.15392290249433, 111.78086167800454, 112.57034013605443, 113.19727891156462, 113.82421768707484, 114.45115646258503, 115.07809523809524, 115.70503401360544, 116.30875283446711, 116.93569160997733, 117.56263038548752, 118.18956916099773, 118.79328798185941, 119.42022675736962, 120.04716553287982, 120.6508843537415, 121.1849433106576, 121.7190022675737, 122.32272108843537, 123.04253968253968, 123.762358276644, 124.38929705215419, 124.99301587301588, 125.5502947845805, 126.10757369614512, 126.66485260770975, 127.26857142857143, 127.80263038548753, 128.33668934240362, 128.94040816326532, 129.544126984127, 130.14784580498866, 130.75156462585034, 131.4249433106576, 132.02866213151927, 132.65560090702948, 133.2825396825397, 133.90947845804988, 134.42031746031745, 134.95437641723356, 135.55809523809523, 136.27791383219954, 136.99773242630386, 137.62467120181407, 138.25160997732425, 138.78566893424036, 139.34294784580499, 139.9002267573696, 140.50394557823128, 141.0380045351474, 141.57206349206348, 142.17578231292518, 142.80272108843536, 143.42965986394557, 144.05659863945579], "other_tempo": 95.703125,