{"file": "8. Blue is Green.wav", "drum_tempo": 99.38401442307692, "drum_beats": [9.659501133786849, 10.263219954648527, 10.866938775510205, 11.447437641723356, 12.051156462585034, 12.654875283446712, 13.25859410430839, 13.862312925170068, 14.466031746031746, 15.069750566893424, 15.650249433106575, 16.253968253968253, 16.857687074829933, 17.46140589569161, 18.06512471655329, 18.668843537414965, 19.249342403628116, 19.853061224489796, 20.456780045351476, 21.060498866213152, 21.640997732426303, 22.244716553287983, 22.84843537414966, 23.45215419501134, 24.055873015873015, 24.659591836734695, 25.26331065759637, 25.843809523809522, 26.447528344671202, 27.051247165532878, 27.654965986394558, 28.258684807256238, 28.83918367346939, 29.442902494331065, 30.046621315192745, 30.65034013605442, 31.2540589569161, 31.857777777777777, 32.43827664399093, 33.041995464852604, 33.645714285714284, 34.249433106575964, 34.853151927437644, 35.456870748299316, 36.03736961451247, 36.64108843537415, 37.24480725623583, 37.8485260770975, 38.45224489795918, 39.05596371882086, 39.65968253968254, 40.263401360544215, 40.84390022675737, 41.44761904761905, 42.05133786848072, 42.6550566893424, 43.25877551020408, 43.86249433106576, 44.44299319727891, 45.04671201814059, 45.65043083900227, 46.25414965986395, 46.85786848072562, 47.438367346938776, 48.042086167800456, 48.64580498866213, 49.24952380952381, 49.85324263038549, 50.45696145124717, 51.06068027210885, 51.641179138321995, 52.244897959183675, 52.848616780045354, 53.45233560090703, 54.05605442176871, 54.659773242630386, 55.240272108843534, 55.843990929705214, 56.447709750566894, 57.05142857142857, 57.655147392290246, 58.258866213151926, 58.862585034013605, 59.44308390022676, 60.04680272108843, 60.65052154195011, 61.25424036281179, 61.85795918367347, 62.461678004535145, 63.065396825396824, 63.669115646258504, 64.24961451247165, 64.85333333333334, 65.45705215419501, 66.06077097505668, 66.66448979591837, 67.26820861678004, 67.84870748299319, 68.45242630385488, 69.05614512471655, 69.6366439909297, 70.24036281179139, 70.84408163265306, 71.44780045351474, 72.05151927437642, 72.65523809523809, 73.25895691609978, 73.86267573696145, 74.4431746031746, 75.04689342403628, 75.65061224489796, 76.25433106575964, 76.85804988662132, 77.46176870748299, 78.06548752834468, 78.64598639455782, 79.2497052154195, 79.85342403628118, 80.45714285714286, 81.037641723356, 81.64136054421769, 82.24507936507936, 82.84879818594105, 83.45251700680272, 84.0562358276644, 84.65995464852608, 85.24045351473923, 85.8441723356009, 86.44789115646259, 87.05160997732426, 87.65532879818593, 88.25904761904762, 88.83954648526077, 89.44326530612246, 90.04698412698413, 90.6507029478458, 91.25442176870749, 91.85814058956916, 92.46185941043083, 93.06557823129252, 93.64607709750567, 94.24979591836734, 94.85351473922903, 95.4572335600907, 96.03773242630386, 96.64145124716553, 97.2451700680272, 97.8488888888889, 98.45260770975057, 99.05632653061224, 99.66004535147393, 100.2637641723356, 100.84426303854875, 101.44798185941043, 102.0517006802721, 102.65541950113379, 103.23591836734694, 103.83963718820861, 104.4433560090703, 105.04707482993197, 105.65079365079364, 106.25451247165533, 106.858231292517, 107.46195011337869, 108.06566893424036, 108.66938775510204, 109.2498866213152, 109.85360544217687, 110.45732426303854, 111.06104308390023, 111.6647619047619, 112.26848072562358, 112.87219954648526, 113.47591836734694, 114.07963718820862, 114.66013605442177, 115.26385487528344, 115.86757369614513, 116.4712925170068, 117.05179138321995, 117.65551020408164, 118.25922902494331, 118.83972789115646, 119.44344671201814, 120.04716553287982, 120.6508843537415, 121.25460317460318, 121.85832199546485, 122.43882086167801, 123.04253968253968, 123.64625850340136, 124.24997732426304, 124.85369614512472, 125.45741496598639, 126.06113378684807, 126.64163265306122, 127.24535147392291, 127.84907029478458, 128.45278911564625, 129.05650793650793, 129.66022675736963, 130.2639455782313, 130.86766439909297, 131.44816326530614, 132.0518820861678, 132.65560090702948, 133.25931972789115, 133.83981859410432, 134.443537414966, 135.04725623582766, 135.65097505668933, 136.25469387755103, 136.8584126984127, 137.46213151927438, 138.04263038548754, 138.6463492063492, 139.2500680272109, 139.85378684807256, 140.45750566893423, 141.0612244897959, 141.64172335600907, 142.24544217687074, 142.84916099773244, 143.4528798185941, 144.05659863945579, 144.66031746031746, 145.26403628117913, 145.8445351473923, 146.44825396825397, 147.05197278911564, 147.6556916099773, 148.259410430839, 148.83990929705215, 149.44362811791385, 150.04734693877552, 150.6510657596372, 151.25478458049886, 151.83528344671203, 152.4390022675737], "other_tempo": 99.38401442307692,