{"file": "9. EZ PZ.wav", "drum_tempo": 123.046875, "drum_beats": [15.766349206349206, 16.253968253968253, 16.718367346938777, 17.205986394557822, 17.670385487528346, 18.15800453514739, 18.622403628117915, 19.11002267573696, 19.574421768707484, 20.06204081632653, 20.526439909297054, 21.0140589569161, 21.478458049886623, 21.966077097505668, 22.430476190476192, 22.918095238095237, 23.38249433106576, 23.870113378684806, 24.33451247165533, 24.822131519274375, 25.2865306122449, 25.774149659863944, 26.23854875283447, 26.726167800453513, 27.190566893424037, 27.678185941043083, 28.16580498866213, 28.65342403628118, 29.1178231292517, 29.58222222222222, 30.046621315192745, 30.53424036281179, 30.998639455782314, 31.463038548752834, 31.950657596371883, 32.41505668934241, 32.90267573696145, 33.3902947845805, 33.85469387755102, 34.319092970521545, 34.80671201814059, 35.27111111111111, 35.75873015873016, 36.22312925170068, 36.710748299319725, 37.17514739229025, 37.63954648526077, 38.12716553287982, 38.61478458049886, 39.07918367346939, 39.566802721088436, 40.03120181405896, 40.518820861678, 41.00643990929705, 41.470839002267574, 41.9352380952381, 42.42285714285714, 42.887256235827664, 43.37487528344671, 43.86249433106576, 44.32689342403628, 44.7912925170068, 45.27891156462585, 45.743310657596375, 46.23092970521542, 46.718548752834465, 47.18294784580499, 47.64734693877551, 48.134965986394555, 48.6225850340136, 49.08698412698413, 49.574603174603176, 50.03900226757369, 50.52662131519274, 50.991020408163266, 51.478639455782314, 51.94303854875283, 52.43065759637188, 52.895056689342404, 53.38267573696145, 53.84707482993197, 54.33469387755102, 54.79909297052154, 55.28671201814059, 55.75111111111111, 56.23873015873016, 56.70312925170068, 57.19074829931973, 57.655147392290246, 58.142766439909295, 58.60716553287982, 59.09478458049887, 59.559183673469384, 60.04680272108843, 60.53442176870748, 60.998820861678006, 61.46321995464853, 61.95083900226757, 62.415238095238095, 62.902857142857144, 63.36725623582767, 63.85487528344671, 64.31927437641724, 64.80689342403628, 65.2712925170068, 65.75891156462585, 66.22331065759637, 66.71092970521542, 67.17532879818594, 67.662947845805, 68.12734693877552, 68.61496598639455, 69.07936507936508, 69.56698412698412, 70.03138321995465, 70.5190022675737, 70.98340136054422, 71.47102040816327, 71.9354195011338, 72.42303854875283, 72.88743764172335, 73.3750566893424, 73.83945578231292, 74.32707482993197, 74.7914739229025, 75.27909297052155, 75.74349206349207, 76.2311111111111, 76.69551020408163, 77.18312925170068, 77.67074829931973, 78.13514739229025, 78.6227664399093, 79.08716553287982, 79.57478458049887, 80.03918367346938, 80.52680272108843, 80.99120181405895, 81.478820861678, 81.94321995464853, 82.43083900226758, 82.8952380952381, 83.38285714285715, 83.8704761904762, 84.3348752834467, 84.82249433106576, 85.28689342403628, 85.77451247165533, 86.23891156462585, 86.7265306122449, 87.19092970521542, 87.67854875283447, 88.14294784580498, 88.63056689342403, 89.11818594104308, 89.5825850340136, 90.04698412698413, 90.51138321995465, 90.9990022675737, 91.48662131519275, 91.92780045351473, 92.41541950113378, 92.90303854875283, 93.39065759637188, 93.8550566893424, 94.31945578231293, 94.78385487528345, 95.2714739229025, 95.75909297052154, 96.22349206349206, 96.71111111111111, 97.17551020408163, 97.66312925170068, 98.1275283446712, 98.59192743764173, 99.07954648526078, 99.56716553287981, 100.05478458049886, 100.51918367346939, 101.00680272108843, 101.47120181405896, 101.958820861678, 102.42321995464853, 102.88761904761905, 103.37523809523809, 103.83963718820861, 104.32725623582766, 104.81487528344671, 105.27927437641723, 105.74367346938776, 106.2312925170068, 106.69569160997733, 107.18331065759637, 107.67092970521541, 108.13532879818594, 108.62294784580499, 109.08734693877551, 109.57496598639456, 110.03936507936508, 110.52698412698413, 110.99138321995464, 111.47900226757369, 111.94340136054421, 112.43102040816326, 112.89541950113379, 113.38303854875284, 113.84743764172336, 114.33505668934241, 114.79945578231292, 115.28707482993197, 115.75147392290249, 116.23909297052154, 116.70349206349206, 117.19111111111111, 117.65551020408164, 118.14312925170069, 118.63074829931973, 119.09514739229024, 119.55954648526077, 120.04716553287982, 120.51156462585034, 120.99918367346939, 121.46358276643991, 121.92798185941044, 122.41560090702947, 122.90321995464852, 123.36761904761904, 123.8552380952381, 124.31963718820862, 124.80725623582767, 125.27165532879819, 125.75927437641724, 126.22367346938775, 126.7112925170068, 127.17569160997732, 127.66331065759637, 128.1277097505669, 128.61532879818594, 129.07972789115647, 129.5673469387755, 130.03174603174602, 130.5193650793651, 130.9837641723356, 131.47138321995465, 131.93578231292517, 132.4234013605442, 132.88780045351473, 133.3754195011338, 133.83981859410432, 134.32743764172335, 134.79183673469387, 135.27945578231294, 135.74385487528346, 136.2314739229025, 136.69587301587302, 137.18349206349205, 137.64789115646258, 138.13551020408164, 138.62312925170068, 139.0875283446712, 139.57514739229026, 140.03954648526076, 140.52716553287982, 140.99156462585034, 141.45596371882087, 141.9435827664399, 142.43120181405897, 142.8956009070295, 143.38321995464852, 143.84761904761905, 144.33523809523808, 144.82285714285715, 145.28725623582767, 145.7748752834467, 146.23927437641723, 146.7268934240363, 147.19129251700681, 147.67891156462585, 148.14331065759637, 148.6309297052154, 149.09532879818593], "other_tempo": 63.02400914634146,