{
  "file": "11. Finding My Way.wav",
  "drum_tempo": 99.38401442307692,
  "drum_beats": [
    9.659501133786849,
    10.263219954648527,
    10.843718820861678,
    11.447437641723356,
    12.051156462585034,
    12.654875283446712,
    13.25859410430839,
    13.862312925170068,
    14.466031746031746,
    15.046530612244897,
    15.650249433106575,
    16.253968253968253,
    16.857687074829933,
    17.46140589569161,
    18.04190476190476,
    18.64562358276644,
    19.249342403628116,
    19.853061224489796,
    20.456780045351476,
    21.060498866213152,
    21.66421768707483,
    22.244716553287983,
    22.84843537414966,
    23.45215419501134,
    24.055873015873015,
    24.659591836734695,
    25.240090702947846,
    25.843809523809522,
    26.447528344671202,
    27.051247165532878,
    27.654965986394558,
    28.258684807256238,
    28.862403628117914,
    29.466122448979593,
    30.06984126984127,
    30.65034013605442,
    31.2540589569161,
    31.834557823129252,
    32.43827664399093,
    33.041995464852604,
    33.645714285714284,
    34.249433106575964,
    34.853151927437644,
    35.456870748299316,
    36.060589569160996,
    36.64108843537415,
    37.24480725623583,
    37.8485260770975,
    38.42902494331066,
    39.05596371882086,
    39.65968253968254,
    40.263401360544215,
    40.867120181405895,
    41.44761904761905,
    42.05133786848072,
    42.6550566893424,
    43.25877551020408,
    43.86249433106576,
    44.46621315192744,
    45.04671201814059,
    45.65043083900227,
    46.25414965986395,
    46.85786848072562,
    47.4615873015873,
    48.042086167800456,
    48.64580498866213,
    49.24952380952381,
    49.85324263038549,
    50.45696145124717,
    51.06068027210885,
    51.66439909297052,
    52.244897959183675,
    52.848616780045354,
    53.45233560090703,
    54.05605442176871,
    54.659773242630386,
    55.240272108843534,
    55.843990929705214,
    56.47092970521542,
    57.05142857142857,
    57.655147392290246,
    58.258866213151926,
    58.83936507936508,
    59.44308390022676,
    60.04680272108843,
    60.65052154195011,
    61.25424036281179,
    61.85795918367347,
    62.461678004535145,
    63.0421768707483,
    63.64589569160998,
    64.24961451247165,
    64.85333333333334,
    65.45705215419501,
    66.06077097505668,
    66.64126984126985,
    67.24498866213152,
    67.84870748299319,
    68.45242630385488,
    69.05614512471655,
    69.65986394557824,
    70.24036281179139,
    70.84408163265306,
    71.44780045351474,
    72.05151927437642,
    72.65523809523809,
    73.25895691609978,
    73.86267573696145,
    74.46639455782314,
    75.04689342403628,
    75.65061224489796,
    76.25433106575964,
    76.85804988662132,
    77.46176870748299,
    78.06548752834468,
    78.64598639455782,
    79.2497052154195,
    79.85342403628118,
    80.45714285714286,
    81.06086167800453,
    81.66458049886621,
    82.24507936507936,
    82.84879818594105,
    83.45251700680272,
    84.0562358276644,
    84.65995464852608,
    85.24045351473923,
    85.8441723356009,
    86.44789115646259,
    87.05160997732426,
    87.65532879818593,
    88.25904761904762,
    88.83954648526077,
    89.44326530612246,
    90.07020408163265,
    90.6507029478458,
    91.25442176870749,
    91.85814058956916,
    92.46185941043083,
    93.042358276644,
    93.64607709750567,
    94.24979591836734,
    94.87673469387755,
    95.4572335600907,
    96.06095238095239,
    96.66467120181406,
    97.26839002267573,
    97.8488888888889,
    98.45260770975057,
    99.05632653061224,
    99.6368253968254,
    100.24054421768707,
    100.84426303854875,
    101.44798185941043,
    102.0517006802721,
    102.65541950113379,
    103.25913832199547,
    103.83963718820861,
    104.46657596371882,
    105.04707482993197,
    105.65079365079364,
    106.25451247165533,
    106.858231292517,
    107.46195011337869,
    108.06566893424036,
    108.64616780045351,
    109.2498866213152,
    109.85360544217687,
    110.45732426303854,
    111.06104308390023,
    111.64154195011338,
    112.24526077097505,
    112.84897959183674,
    113.45269841269841,
    114.07963718820862,
    114.66013605442177,
    115.24063492063492,
    115.8443537414966,
    116.44807256235828,
    117.05179138321995,
    117.65551020408164,
    118.25922902494331,
    118.86294784580498,
    119.44344671201814,
    120.04716553287982,
    120.6508843537415,
    121.25460317460318,
    121.85832199546485,
    122.46204081632654,
    123.04253968253968,
    123.64625850340136
  ],
  "other_tempo": 99.38401442307692,